speaker,item,start,label,duration,tp,f0
PL01,rzepa,101.1171094,V1,0.1044,101.1692954,167.2432
PL01,kuma,105.129977,V1,0.07,105.164966,180.3402
PL01,babochlop,108.550379,V1,0.0743,108.5875308,154.9022
PL01,rzepaku,112.4419075,V1,0.0691,112.4764631,153.5197
PL01,zywo,116.14,V1,0.07,116.1749885,182.6444
PL01,nowo,119.7524694,V1,0.1128,119.8088868,167.8473
PL01,sumo,123.1987336,V1,0.1086,123.2530352,180.4272
PL01,popa,126.5697207,V1,0.0783,126.6088603,189.4758
PL01,papa,130.0683522,V1,0.0818,130.1092547,191.1118
PL01,zima,133.578922,V1,0.079,133.6184142,187.9596
PL01,popada,137.24028,V1,0.0536,137.2670782,155.9227
PL01,cumowac,140.709977,V1,0.047,140.7334999,164.1513
PL01,bywa,144.32,V1,0.11,144.3749885,181.163
PL01,kumaty,147.7923417,V1,0.0477,147.8161709,170.3896
PL01,nieborak,151.2849039,V1,0.0367,151.3032395,157.1568
PL01,papaja,154.7956102,V1,0.0606,154.8259346,161.4485
PL01,nowotw€r,158.369977,V1,0.07,158.404966,160.1766
PL01,mimoza,162.029977,V1,0.07,162.064966,161.261
PL01,babo,165.5830429,V1,0.1276,165.646865,184.0264
PL01,zywotnie,169.019955,V1,0.06,169.0499775,159.5623
PL01,niebo,172.6167928,V1,0.0677,172.6506432,189.024
PL01,bywalec,175.5823958,V1,0.0839,175.6243562,163.3528
PL01,zimami,179.3363795,V1,0.0494,179.3610621,161.8712
PL01,mimo,182.98,V1,0.1187,183.0393704,174.6216
PL01,rzepa,186.609977,V1,0.094,186.6569724,174.2922
PL01,kuma,190.4681212,V1,0.0764,190.5063363,201.8969
PL01,babochlop,193.68,V1,0.07,193.7149885,162.0737
PL01,rzepaku,197.4946748,V1,0.0667,197.5280372,157.0387
PL01,zywo,201.4053714,V1,0.1046,201.4576742,185.5721
PL01,nowo,204.9370972,V1,0.1129,204.9935371,169.4813
PL01,sumo,208.5025406,V1,0.0958,208.5504612,191.7151
PL01,popa,211.8277749,V1,0.0837,211.8696295,187.5222
PL01,papa,215.4623695,V1,0.0952,215.5099867,189.0778
PL01,zima,219.4379703,V1,0.0619,219.4689064,186.3649
PL01,popada,222.9942862,V1,0.0522,223.0203695,159.3813
PL01,cumowac,226.8183389,V1,0.0473,226.8419958,168.884
PL01,bywa,230.536614,V1,0.1233,230.5982845,176.2183
PL01,kumaty,234.2184937,V1,0.0473,234.2421507,164.7831
PL01,nieborak,238.0781217,V1,0.0388,238.0975325,159.4655
PL01,papaja,241.5822997,V1,0.0528,241.6086863,154.2346
PL01,nowotw€r,245.2918917,V1,0.0681,245.3259233,160.0648
PL01,mimoza,249.0910265,V1,0.0619,249.1219626,159.7888
PL01,babo,253.0050839,V1,0.1122,253.0611933,184.964
PL01,zywotnie,256.7676893,V1,0.0723,256.8038221,160.006
PL01,niebo,260.8317835,V1,0.037,260.8502845,196.6584
PL01,bywalec,264.29086,V1,0.094,264.3378706,163.5426
PL01,zimami,268.049977,V1,0.06,268.079977,162.5456
PL01,mimo,272.129977,V1,0.1163,272.1881146,182.9026
PL01,rzepa,275.3367077,V1,0.0746,275.3740129,192.8948
PL01,kuma,277.8441444,V1,0.0752,277.881753,199.6902
PL01,babochlop,280.2318205,V1,0.0692,280.2663961,173.7594
PL01,rzepaku,283.4816094,V1,0.0497,283.5064795,148.5534
PL01,zywo,286.525733,V1,0.0861,286.5688009,181.2221
PL01,nowo,289.4658718,V1,0.0886,289.5101528,180.003
PL01,sumo,292.4162323,V1,0.0873,292.4599067,208.8546
PL01,popa,295.3531341,V1,0.0728,295.3895294,199.7514
PL01,papa,298.1887307,V1,0.0873,298.2324051,199.7101
PL01,zima,301.2190882,V1,0.0837,301.2609428,192.1561
PL01,popada,303.8121045,V1,0.0467,303.8354582,155.6026
PL01,cumowac,307.2525619,V1,0.0274,307.2662809,163.3388
PL01,bywa,310.4865478,V1,0.1092,310.5411409,185.7388
PL01,kumaty,313.2072068,V1,0.0364,313.2254045,156.6404
PL01,nieborak,316.019955,V1,0.0209,316.0304226,155.1105
PL01,papaja,319.049977,V1,0.0559,319.0779329,160.6575
PL01,nowotw€r,321.8046323,V1,0.0653,321.8373046,155.0169
PL01,mimoza,324.7775539,V1,0.0625,324.8087932,153.555
PL01,babo,327.669977,V1,0.12,327.729977,180.4112
PL01,zywotnie,330.24,V1,0.04,330.26,151.6639
PL01,niebo,333.4148615,V1,0.0551,333.4424193,201.7296
PL01,bywalec,335.7791433,V1,0.0546,335.8064398,146.0877
PL01,zimami,338.559955,V1,0.04,338.5799775,158.3936
PL01,mimo,341.269977,V1,0.0899,341.3149218,190.2553
PL01,rzepa,343.9216624,V1,0.0752,343.9592709,196.7683
PL01,kuma,346.6024504,V1,0.074,346.6394524,201.5416
PL01,babochlop,349.3539121,V1,0.0561,349.3819446,153.7148
PL01,rzepaku,352.3173595,V1,0.0449,352.3398032,159.9406
PL01,zywo,355.349977,V1,0.09,355.394966,197.499
PL01,nowo,358.0367139,V1,0.125,358.0991926,193.6132
PL01,sumo,360.6640907,V1,0.0849,360.7065519,200.5841
PL01,popa,363.3674759,V1,0.0801,363.4075108,203.9779
PL01,papa,366.0280042,V1,0.0825,366.0692523,197.4025
PL01,zima,368.8862806,V1,0.0971,368.9348077,192.1718
PL01,popada,371.4339223,V1,0.0461,371.4569727,159.861
PL01,cumowac,374.139955,V1,0.03,374.154966,157.7782
PL01,bywa,376.5754029,V1,0.057,376.6039126,170.7363
PL01,kumaty,379.7411396,V1,0.0328,379.7575175,165.2282
PL01,nieborak,382.609977,V1,0.03,382.624966,156.7928
PL01,papaja,385.4257099,V1,0.0485,385.4499735,160.2256
PL01,nowotw€r,388.089977,V1,0.05,388.114966,157.2091
PL01,mimoza,390.609932,V1,0.06,390.6399545,161.2064
PL01,babo,393.2379545,V1,0.1189,393.2974002,178.9557
PL01,zywotnie,395.56,V1,0.04,395.58,154.7576
PL01,niebo,398.0729175,V1,0.034,398.089902,206.9016
PL01,bywalec,400.3166325,V1,0.0631,400.3481751,156.6072
PL01,zimami,402.619955,V1,0.05,402.644966,158.0779
PL01,mimo,405.129977,V1,0.0826,405.1712958,194.2354
PL01,rzepa,407.7791145,V1,0.057,407.8076242,197.049
PL01,kuma,409.5367277,V1,0.0388,409.5561385,202.648
PL01,babochlop,411.359955,V1,0.0489,411.3843949,167.5617
PL01,rzepaku,413.3965691,V1,0.0461,413.4196195,165.9389
PL01,zywo,415.3329746,V1,0.047,415.3564873,182.9738
PL01,nowo,417.2369997,V1,0.0497,417.2618698,175.0541
PL01,sumo,419.1325326,V1,0.0315,419.1483039,184.4288
PL01,popa,420.9215369,V1,0.0419,420.9424642,189.7564
PL01,papa,422.7090982,V1,0.0594,422.738821,191.4891
PL01,zima,424.5360853,V1,0.0439,424.5580426,179.6065
PL01,popada,426.2694278,V1,0.0376,426.2882321,164.0478
PL01,cumowac,428.1883522,V1,0.0316,428.2041536,167.5579
PL01,bywa,430.2070755,V1,0.0522,430.2331588,175.1727
PL01,kumaty,432.3103612,V1,0.0291,432.3249193,166.1258
PL01,nieborak,434.22,V1,0.03,434.2349885,159.6664
PL01,papaja,436.089977,V1,0.0513,436.1156433,167.6921
PL01,nowotw€r,437.889977,V1,0.06,437.919977,160.469
PL01,mimoza,439.789932,V1,0.046,439.8129338,161.6725
PL01,babo,441.7009231,V1,0.0891,441.74545,167.7652
PL01,zywotnie,443.349977,V1,0.03,443.364966,162.4289
PL01,niebo,445.309977,V1,0.04,445.329977,179.6209
PL01,bywalec,447.0193654,V1,0.0534,447.0460553,168.7304
PL01,zimami,449.26,V1,0.04,449.28,162.5351
PL01,mimo,451.169977,V1,0.05,451.194966,171.3099
PL01,rzepa,453.1475892,V1,0.0461,453.1706396,177.4566
PL01,kuma,454.887362,V1,0.0297,454.9022234,181.6862
PL01,babochlop,456.6135233,V1,0.0667,456.6468856,159.1823
PL01,rzepaku,458.7061083,V1,0.0449,458.7285521,157.4064
PL01,zywo,460.66,V1,0.05,460.6849885,167.9303
PL01,nowo,462.4113588,V1,0.0437,462.433196,168.3897
PL01,sumo,464.1822638,V1,0.0376,464.2010681,174.511
PL01,popa,465.8600457,V1,0.0412,465.8806697,175.4242
PL01,papa,467.4977926,V1,0.0534,467.5244825,176.0165
PL01,zima,469.179214,V1,0.0206,469.189526,170.9334
PL01,popada,470.9589028,V1,0.0315,470.9746741,168.2736
PL01,cumowac,472.878107,V1,0.04,472.8981245,167.2734
PL01,bywa,475.6824286,V1,0.0534,475.7091185,164.9334
PL01,kumaty,477.5868234,V1,0.0291,477.6013816,178.98
PL01,nieborak,479.52,V1,0.0234,479.5316925,165.1693
PL01,papaja,481.3667481,V1,0.0376,481.3855524,168.6046
PL01,nowotw€r,483.1685254,V1,0.0218,483.179444,161.0217
PL01,mimoza,485.06,V1,0.03,485.0749885,162.7074
PL01,babo,486.7713261,V1,0.0686,486.8056405,155.3059
PL01,zywotnie,488.3848095,V1,0.0328,488.4011874,158.4278
PL01,niebo,490.179955,V1,0.03,490.194966,169.396
PL01,bywalec,491.8653305,V1,0.0534,491.8920204,167.7012
PL01,zimami,493.64,V1,0.04,493.66,166.6461
PL01,mimo,495.5254019,V1,0.051,495.5508786,170.1236
PL02,nieborak,5.919955,V1,0.05,5.944966,198.1228
PL02,babochlop,8.914556913,V1,0.0664,8.94773301,199.091
PL02,popada,12.20023127,V1,0.0497,12.22510142,202.7046
PL02,popa,15.42491751,V1,0.1043,15.47708416,258.0968
PL02,bywa,18.29619636,V1,0.1338,18.36308668,226.2646
PL02,nowo,21.189977,V1,0.1453,21.2626262,201.6824
PL02,cumowac,24.03982847,V1,0.0497,24.06469862,205.3931
PL02,zywo,27.31253046,V1,0.1174,27.37125373,214.9863
PL02,sumo,30.31833329,V1,0.1116,30.37415514,239.7561
PL02,papaja,33.21522767,V1,0.0631,33.24677029,203.6044
PL02,zywotnie,36.329977,V1,0.04,36.349977,202.4936
PL02,kuma,39.32388757,V1,0.0837,39.36574221,257.7907
PL02,kumaty,42.189977,V1,0.06,42.219977,204.5581
PL02,papa,45.06233794,V1,0.1074,45.11602106,233.0026
PL02,zimami,47.889977,V1,0.042,47.9109564,197.7895
PL02,mimo,50.85402936,V1,0.0958,50.90194989,225.724
PL02,rzepaku,53.79796011,V1,0.0607,53.82828956,196.2458
PL02,niebo,56.91915363,V1,0.0655,56.95190944,233.8694
PL02,zima,59.76131622,V1,0.057,59.7898259,224.2402
PL02,mimoza,62.69554155,V1,0.0497,62.7204117,196.5922
PL02,nowotw€r,65.82,V1,0.06,65.85,186.5624
PL02,bywalec,68.95356112,V1,0.0664,68.98675806,204.7061
PL02,rzepa,72.17288328,V1,0.1201,72.23293559,217.1746
PL02,babo,75.06417957,V1,0.1486,75.13848672,206.9549
PL02,nieborak,80.969977,V1,0.0364,80.98818701,192.5348
PL02,babochlop,84.099955,V1,0.0602,84.1300353,177.3964
PL02,popada,87.26889978,V1,0.0485,87.29316334,206.7186
PL02,popa,90.3235073,V1,0.1031,90.37506736,246.7419
PL02,bywa,93.489977,V1,0.12,93.549977,208.2159
PL02,nowo,96.44,V1,0.1294,96.50469755,234.0009
PL02,cumowac,99.41155768,V1,0.0752,99.44916619,204.0558
PL02,zywo,102.6963914,V1,0.108,102.7503779,226.0931
PL02,sumo,106.0247608,V1,0.1052,106.0773689,249.9909
PL02,papaja,109.2475837,V1,0.0558,109.2754868,196.1584
PL02,zywotnie,112.5681575,V1,0.0618,112.5990673,209.1849
PL02,kuma,115.8475807,V1,0.0924,115.8937904,256.1289
PL02,kumaty,118.6665541,V1,0.0485,118.6908177,202.1504
PL02,papa,121.7451477,V1,0.1153,121.8027736,235.0414
PL02,zimami,124.7741396,V1,0.0534,124.8008296,183.1938
PL02,mimo,127.9159572,V1,0.1116,127.9717634,238.0663
PL02,rzepaku,130.629977,V1,0.0579,130.6589356,194.0024
PL02,niebo,133.7458637,V1,0.0752,133.7834722,262.6918
PL02,zima,136.9190851,V1,0.0692,136.9536607,257.2369
PL02,mimoza,139.8181283,V1,0.0437,139.8399655,197.7618
PL02,nowotw€r,143.009977,V1,0.0893,143.0546498,191.9615
PL02,bywalec,146.199955,V1,0.07,146.234966,196.4059
PL02,rzepa,149.169977,V1,0.1,149.2199851,239.8134
PL02,babo,152.0745473,V1,0.1322,152.1406655,233.3973
PL02,nieborak,155.099955,V1,0.05,155.124966,203.3171
PL02,babochlop,157.4,V1,0.0414,157.4207181,193.6955
PL02,popada,159.649977,V1,0.037,159.6684849,200.3291
PL02,popa,161.9264835,V1,0.0582,161.9555998,269.9331
PL02,bywa,164.099955,V1,0.0978,164.1488747,228.9009
PL02,nowo,166.2989828,V1,0.091,166.3444799,252.9465
PL02,cumowac,168.8901563,V1,0.04,168.9101738,204.5026
PL02,zywo,171.259955,V1,0.08,171.2999775,256.8109
PL02,sumo,173.4893811,V1,0.0606,173.5196791,258.1875
PL02,papaja,175.7349377,V1,0.0473,175.7585947,192.5165
PL02,zywotnie,178.1891609,V1,0.0522,178.2152442,192.0177
PL02,kuma,180.6893461,V1,0.0506,180.7146505,269.0827
PL02,kumaty,183.0416623,V1,0.034,183.0586468,209.2896
PL02,papa,185.2665949,V1,0.0849,185.3090561,266.7339
PL02,zimami,187.399955,V1,0.0688,187.4343548,184.4783
PL02,mimo,189.9096328,V1,0.0655,189.9423886,262.3276
PL02,rzepaku,192.129977,V1,0.0446,192.1522886,192.2789
PL02,niebo,194.5522545,V1,0.0425,194.5734851,262.9218
PL02,zima,196.8695273,V1,0.0604,196.8997522,262.1333
PL02,mimoza,198.94,V1,0.0698,198.9749075,188.9274
PL02,nowotw€r,202.016831,V1,0.0643,202.0489802,185.8579
PL02,bywalec,204.5740355,V1,0.0534,204.6007255,184.0695
PL02,rzepa,207.1071153,V1,0.0704,207.1422975,245.342
PL02,babo,209.3152022,V1,0.0873,209.3588766,235.0298
PL02,nieborak,212.3172267,V1,0.0328,212.3336046,192.4934
PL02,babochlop,214.669977,V1,0.06,214.699977,182.986
PL02,popada,217.2109761,V1,0.0352,217.2285672,180.6354
PL02,popa,219.4748692,V1,0.0497,219.4997393,267.9133
PL02,bywa,221.8,V1,0.09,221.8449885,264.7445
PL02,nowo,223.949977,V1,0.072,223.9859522,252.0212
PL02,cumowac,226.2033242,V1,0.0412,226.2239483,195.932
PL02,zywo,228.509977,V1,0.08,228.549977,261.1465
PL02,sumo,230.729977,V1,0.0761,230.7680134,265.6152
PL02,papaja,232.9245002,V1,0.04,232.9445177,185.2702
PL02,zywotnie,235.2778909,V1,0.0473,235.3015479,192.5538
PL02,kuma,237.6303459,V1,0.0449,237.6527897,269.2065
PL02,kumaty,240.1183993,V1,0.0425,240.1396299,193.2447
PL02,papa,242.4318939,V1,0.0776,242.4707155,260.4986
PL02,zimami,244.7296171,V1,0.0315,244.7453884,178.0512
PL02,mimo,247.26391,V1,0.0752,247.3015185,255.6709
PL02,rzepaku,249.6524828,V1,0.0449,249.6749266,185.5031
PL02,niebo,252.087434,V1,0.0526,252.113717,274.4928
PL02,zima,254.489977,V1,0.0468,254.5133907,247.2139
PL02,mimoza,256.949977,V1,0.0592,256.9796012,190.9722
PL02,nowotw€r,259.419955,V1,0.0458,259.4428455,187.9108
PL02,bywalec,262.1295615,V1,0.0504,262.1547808,192.9239
PL02,rzepa,264.889977,V1,0.0747,264.9273498,233.3763
PL02,babo,267.2927753,V1,0.1031,267.3443353,230.841
PL02,nieborak,269.969977,V1,0.04,269.989977,202.9685
PL02,babochlop,272.029977,V1,0.05,272.054966,203.9072
PL02,popada,274.0210916,V1,0.0352,274.0386826,199.6881
PL02,popa,276.2097676,V1,0.0449,276.2322113,271.7551
PL02,bywa,278.249977,V1,0.06,278.279977,279.3672
PL02,nowo,280.3142933,V1,0.0657,280.3471466,269.0632
PL02,cumowac,282.1077508,V1,0.0437,282.129588,221.1956
PL02,zywo,284.189977,V1,0.06,284.219977,258.7106
PL02,sumo,286.2738711,V1,0.0473,286.297528,269.7918
PL02,papaja,288.3180401,V1,0.0376,288.3368444,205.3181
PL02,zywotnie,290.449977,V1,0.04,290.469977,204.0925
PL02,kuma,292.8191363,V1,0.0412,292.8397603,278.7687
PL02,kumaty,294.9290945,V1,0.0409,294.9495357,208.4662
PL02,papa,296.9964527,V1,0.057,297.0249624,264.9289
PL02,zimami,298.899955,V1,0.04,298.9199775,193.5015
PL02,mimo,301.5276007,V1,0.0728,301.5639961,228.4003
PL02,rzepaku,303.629977,V1,0.0353,303.6476501,197.0522
PL02,niebo,305.969977,V1,0.0427,305.9913125,268.2889
PL02,zima,308.0329698,V1,0.037,308.0514734,269.95
PL02,mimoza,310.1001892,V1,0.0655,310.132945,216.6391
PL02,nowotw€r,312.289977,V1,0.04,312.309977,199.7036
PL02,bywalec,314.3806258,V1,0.0655,314.4133816,197.7975
PL02,rzepa,316.4187289,V1,0.0667,316.4520913,254.0217
PL02,babo,318.509977,V1,0.061,318.5404933,249.07
PL02,nieborak,320.7305693,V1,0.0394,320.7502732,204.543
PL02,babochlop,322.869505,V1,0.0437,322.8913422,193.6885
PL02,popada,325.0859453,V1,0.0425,325.1071759,191.2852
PL02,popa,327.1752795,V1,0.051,327.2007563,268.9267
PL02,bywa,329.2135214,V1,0.0746,329.2508267,262.6749
PL02,nowo,331.249977,V1,0.07,331.284966,263.4844
PL02,cumowac,333.1663999,V1,0.0436,333.1881885,224.6748
PL02,zywo,335.38,V1,0.04,335.4,271.9478
PL02,sumo,337.3714807,V1,0.0585,337.4007288,286.2125
PL02,papaja,339.3478505,V1,0.0388,339.3672614,207.2533
PL02,zywotnie,341.469977,V1,0.04,341.489977,202.1096
PL02,kuma,343.851373,V1,0.0386,343.870675,265.4543
PL02,kumaty,346.1563753,V1,0.0436,346.1781652,213.3428
PL02,papa,348.3825211,V1,0.0631,348.4140637,259.987
PL02,zimami,350.4583715,V1,0.0461,350.4814219,205.9263
PL02,mimo,352.6993529,V1,0.0692,352.7339285,266.1355
PL02,rzepaku,355.1026227,V1,0.0461,355.125673,208.3328
PL02,niebo,357.4039854,V1,0.056,357.4319702,258.4313
PL02,zima,359.749977,V1,0.05,359.774966,258.4424
PL02,mimoza,362.0820668,V1,0.0449,362.1045106,205.4115
PL02,nowotw€r,364.309977,V1,0.05,364.334966,200.4062
PL02,bywalec,366.7199745,V1,0.0728,366.7563698,194.2939
PL02,rzepa,368.936276,V1,0.0558,368.9641791,240.38
PL02,babo,371.199955,V1,0.07,371.234966,244.9276
PL03,rzepa,11.04627724,V1,0.0922,11.092378,167.4805
PL03,nieborak,15.08095507,V1,0.069,15.11546604,267.5997
PL03,babo,19.59486134,V1,0.1383,19.66401248,156.0358
PL03,kumaty,23.59930335,V1,0.0679,23.63327233,259.303
PL03,papa,27.56611334,V1,0.0995,27.61585364,179.55
PL03,mimoza,31.73433438,V1,0.0861,31.7774022,231.2892
PL03,zima,36.319955,V1,0.07,36.354966,223.9756
PL03,popa,40.51955831,V1,0.0958,40.56747884,186.5841
PL03,sumo,44.359955,V1,0.1022,44.41104163,226.1525
PL03,nowotw€r,48.08,V1,0.07,48.1149885,247.1541
PL03,zimami,52.329977,V1,0.09,52.374966,250.7862
PL03,bywa,56.159955,V1,0.11,56.214966,185.3441
PL03,papaja,59.96303548,V1,0.0752,60.000644,215.3753
PL03,babochlop,64.109977,V1,0.0953,64.15761869,229.9196
PL03,mimo,68.369977,V1,0.109,68.42447895,209.9198
PL03,popada,72.91769363,V1,0.0667,72.95105603,232.4666
PL03,zywotnie,77.369977,V1,0.0847,77.41232539,230.8083
PL03,rzepaku,81.84,V1,0.074,81.87700527,235.5749
PL03,zywo,86.319955,V1,0.12,86.3799775,179.9419
PL03,kuma,91.389977,V1,0.08,91.429977,187.5617
PL03,nowo,95.189977,V1,0.1372,95.25860173,189.5963
PL03,niebo,99.23668767,V1,0.0685,99.27095994,197.3269
PL03,bywalec,102.719955,V1,0.09,102.764966,210.632
PL03,cumowac,106.8443392,V1,0.0656,106.8771581,275.8393
PL03,rzepa,116.8851083,V1,0.0801,116.9251432,169.5198
PL03,nieborak,120.5668685,V1,0.0679,120.6008375,225.9449
PL03,babo,124.5276126,V1,0.1334,124.5943374,176.8256
PL03,kumaty,128.4689694,V1,0.0655,128.5017252,254.0562
PL03,papa,132.6225853,V1,0.1031,132.6741453,179.9984
PL03,mimoza,136.8174727,V1,0.0764,136.8556878,242.4809
PL03,zima,140.9226085,V1,0.0946,140.9699225,253.1874
PL03,popa,144.9634224,V1,0.0934,145.0101297,199.7581
PL03,sumo,148.9544959,V1,0.1068,149.0078758,289.7644
PL03,nowotw€r,152.843686,V1,0.0946,152.891,227.1843
PL03,zimami,156.82,V1,0.06,156.85,246.8108
PL03,bywa,160.889977,V1,0.1021,160.9410195,224.0923
PL03,papaja,164.8933839,V1,0.0764,164.931599,211.2901
PL03,babochlop,169.0457866,V1,0.0898,169.0906742,204.2412
PL03,mimo,173.679821,V1,0.1068,173.7332008,257.8975
PL03,popada,178.3023067,V1,0.0679,178.3362757,222.4797
PL03,zywotnie,182.3449403,V1,0.0946,182.3922543,245.4528
PL03,rzepaku,186.4876846,V1,0.0789,186.5271129,237.9501
PL03,zywo,190.552762,V1,0.1116,190.6085682,236.9886
PL03,kuma,194.7391573,V1,0.1008,194.7895786,257.3995
PL03,nowo,198.809977,V1,0.13,198.874966,199.4496
PL03,niebo,202.8935756,V1,0.0789,202.9330039,225.7916
PL03,bywalec,206.449977,V1,0.0938,206.4968851,216.111
PL03,cumowac,210.758068,V1,0.0594,210.7877908,253.4243
PL03,rzepa,214.579955,V1,0.0722,214.6160329,196.3987
PL03,nieborak,217.6666466,V1,0.0433,217.6883118,221.2383
PL03,babo,220.749977,V1,0.1302,220.8150603,189.2821
PL03,kumaty,224.199955,V1,0.06,224.2299775,248.8372
PL03,papa,227.5193966,V1,0.0764,227.5576117,181.7449
PL03,mimoza,230.8141765,V1,0.0758,230.8520768,227.4463
PL03,zima,234.1817236,V1,0.0982,234.2308393,216.4892
PL03,popa,237.2945268,V1,0.0813,237.3351683,202.7982
PL03,sumo,240.8974304,V1,0.0728,240.9338257,244.3707
PL03,nowotw€r,244.429977,V1,0.0618,244.4608976,243.198
PL03,zimami,248.119955,V1,0.06,248.1499775,237.5472
PL03,bywa,251.2997031,V1,0.0898,251.3445907,164.3424
PL03,papaja,254.509584,V1,0.0631,254.5411266,193.6107
PL03,babochlop,257.889977,V1,0.0842,257.9320694,196.9256
PL03,mimo,260.989977,V1,0.1,261.039977,199.3163
PL03,popada,263.7946138,V1,0.0546,263.8219103,196.4219
PL03,zywotnie,267.146366,V1,0.0594,267.1760889,223.626
PL03,rzepaku,270.309977,V1,0.0511,270.3355266,205.4406
PL03,zywo,273.7722977,V1,0.0777,273.8111373,201.6312
PL03,kuma,277.1192442,V1,0.0807,277.1595996,206.6284
PL03,nowo,279.9857723,V1,0.1165,280.0440048,199.3007
PL03,niebo,282.9433122,V1,0.0667,282.9766746,200.7264
PL03,bywalec,286.14,V1,0.09,286.1849885,199.7538
PL03,cumowac,289.611705,V1,0.0483,289.6358525,224.2288
PL03,rzepa,293.049977,V1,0.0724,293.0861921,211.2811
PL03,nieborak,295.8967572,V1,0.0532,295.9233671,197.0157
PL03,babo,298.809977,V1,0.1304,298.8751931,187.5913
PL03,kumaty,301.979955,V1,0.04,301.9999775,201.0885
PL03,papa,305.059955,V1,0.083,305.1014601,178.4433
PL03,mimoza,308.309977,V1,0.09,308.354966,205.084
PL03,zima,311.689977,V1,0.12,311.749977,183.5581
PL03,popa,314.76,V1,0.0756,314.7977996,172.7173
PL03,sumo,317.639955,V1,0.07,317.674966,189.6278
PL03,nowotw€r,320.5529311,V1,0.0776,320.5917528,188.6931
PL03,zimami,323.889977,V1,0.06,323.919977,211.6912
PL03,bywa,326.9495721,V1,0.0904,326.994786,160.4223
PL03,papaja,329.969977,V1,0.0681,330.0040444,185.4957
PL03,babochlop,333.289977,V1,0.0793,333.3296202,214.0739
PL03,mimo,336.6834307,V1,0.0837,336.7252854,186.2055
PL03,popada,339.8411215,V1,0.0558,339.8690246,191.1157
PL03,zywotnie,343.24,V1,0.05,343.2649885,199.9022
PL03,rzepaku,346.68,V1,0.0515,346.7057512,205.0769
PL03,zywo,350.18,V1,0.07,350.2149885,183.0441
PL03,kuma,353.449977,V1,0.07,353.4849767,180.0652
PL03,nowo,356.32,V1,0.09,356.3649885,179.9457
PL03,niebo,359.489977,V1,0.06,359.519977,178.4265
PL03,bywalec,362.389977,V1,0.07,362.424966,181.5462
PL03,cumowac,365.44,V1,0.04,365.46,187.0367
PL03,rzepa,368.4847295,V1,0.0461,368.5077798,221.1679
PL03,nieborak,370.789977,V1,0.05,370.814966,202.1623
PL03,babo,373.089977,V1,0.0967,373.1383394,211.7768
PL03,kumaty,375.3702577,V1,0.0297,375.3851063,224.1596
PL03,papa,377.7576274,V1,0.0716,377.7934162,225.2303
PL03,mimoza,380.049977,V1,0.06,380.079977,209.514
PL03,zima,382.619955,V1,0.05,382.644966,229.0172
PL03,popa,385.1987677,V1,0.0607,385.2290971,226.0395
PL03,sumo,387.709977,V1,0.06,387.739977,241.0153
PL03,nowotw€r,390.0584297,V1,0.0376,390.0772339,201.0255
PL03,zimami,392.529977,V1,0.05,392.554966,222.1782
PL03,bywa,395.029977,V1,0.07,395.064966,210.8094
PL03,papaja,397.0482912,V1,0.0497,397.0731613,213.5023
PL03,babochlop,399.6770599,V1,0.0655,399.7098157,195.0242
PL03,mimo,401.9273405,V1,0.0801,401.9673754,224.9523
PL03,popada,404.2298113,V1,0.0534,404.2565012,215.4953
PL03,zywotnie,406.629977,V1,0.0612,406.6605692,197.0564
PL03,rzepaku,409.169977,V1,0.048,409.1940001,198.4592
PL03,zywo,411.8152727,V1,0.0534,411.8419626,223.7646
PL03,kuma,414.4306965,V1,0.051,414.4561732,230.4735
PL03,nowo,416.9369577,V1,0.0873,416.9806321,212.5567
PL03,niebo,419.369977,V1,0.0672,419.403565,212.933
PL03,bywalec,421.769977,V1,0.06,421.799977,195.8453
PL03,cumowac,424.2215979,V1,0.0384,424.240799,221.8914
PL03,rzepa,426.819955,V1,0.051,426.8454728,215.0163
PL03,nieborak,429.24,V1,0.04,429.26,190.5563
PL03,babo,431.7610056,V1,0.0801,431.8010405,199.1255
PL03,kumaty,434.0100731,V1,0.0425,434.0313037,--undefined--
PL03,papa,436.4302221,V1,0.0607,436.4605516,207.5455
PL03,mimoza,439.1706032,V1,0.0861,439.213671,217.6438
PL03,zima,441.579955,V1,0.04,441.5999775,221.0634
PL03,popa,443.9283347,V1,0.0607,443.9586642,211.2306
PL03,sumo,446.2586851,V1,0.0313,446.2743311,244.7981
PL03,nowotw€r,448.5563032,V1,0.0425,448.5775338,207.6416
PL03,zimami,450.999955,V1,0.05,451.024966,201.7411
PL03,ma,453.3759303,V1,0.0813,453.4165718,210.4304
PL03,papaja,455.7268813,V1,0.0497,455.7517514,188.6376
PL03,babochlop,458.1033324,V1,0.0631,458.134875,194.5707
PL03,mimo,460.729977,V1,0.0761,460.768041,221.6139
PL03,popada,463.2759708,V1,0.0473,463.2996278,196.6007
PL03,zywotnie,465.92,V1,0.05,465.9449885,193.0691
PL03,rzepaku,468.42,V1,0.0383,468.4391691,191.7778
PL03,ma,470.9233513,V1,0.0716,470.9591401,222.1681
PL03,ma,473.6989145,V1,0.0728,473.7353099,239.8908
PL03,nowo,476.1262957,V1,0.0801,476.1663305,222.7195
PL03,niebo,478.54,V1,0.05,478.5649885,226.0585
PL03,bywalec,480.9083378,V1,0.0616,480.9391574,206.4128
PL03,cumowac,483.449977,V1,0.04,483.469977,223.8902
PL04,popa,10.20791144,V1,0.0922,10.25401221,323.4457
PL04,mimo,13.81181371,V1,0.1182,13.87089536,287.4444
PL04,babo,17.68282022,V1,0.1672,17.76639861,268.9649
PL04,kumaty,21.569977,V1,0.06,21.599977,215.7134
PL04,babochlop,25.1886744,V1,0.0813,25.2293257,208.5833
PL04,zywotnie,28.679955,V1,0.06,28.7099775,223.5316
PL04,bywa,32.50305192,V1,0.1669,32.58651446,298.469
PL04,rzepaku,35.96562833,V1,0.0752,36.00323685,207.7681
PL04,papaja,39.61382097,V1,0.0789,39.65324926,208.2227
PL04,nowo,43.419955,V1,0.1779,43.50890674,276.0094
PL04,nowotw€r,46.999955,V1,0.0833,47.04161741,215.7285
PL04,sumo,50.69487168,V1,0.1177,50.75371081,290.1672
PL04,cumowac,54.28826587,V1,0.0449,54.31070966,228.9381
PL04,rzepa,58.21043129,V1,0.1031,58.26199136,292.7718
PL04,mimoza,61.789977,V1,0.13,61.854966,227.3261
PL04,papa,65.78685525,V1,0.1395,65.85661298,299.1716
PL04,popada,69.22617583,V1,0.0837,69.26803047,218.2701
PL04,bywalec,72.809977,V1,0.11,72.864966,214.6309
PL04,kuma,76.67411427,V1,0.1058,76.72703463,321.4316
PL04,zimami,80.35490973,V1,0.0607,80.38523918,210.8044
PL04,niebo,84.269977,V1,0.06,84.299977,291.0387
PL04,nieborak,88.079955,V1,0.05,88.104966,229.2517
PL04,zima,92.05937012,V1,0.1201,92.11942243,317.9168
PL04,zywo,95.38,V1,0.1395,95.44976009,301.1111
PL04,popa,101.5218554,V1,0.1092,101.5764485,306.371
PL04,mimo,104.599955,V1,0.1238,104.6618795,274.7941
PL04,babo,108.0383727,V1,0.1626,108.1196557,265.5638
PL04,kumaty,111.680294,V1,0.0497,111.7051355,230.4943
PL04,babochlop,115.349977,V1,0.1,115.399977,207.6053
PL04,zywotnie,119.1863537,V1,0.0643,119.2185029,218.8673
PL04,bywa,122.8816548,V1,0.182,122.9726432,306.8646
PL04,rzepaku,126.390332,V1,0.0934,126.4370393,208.2311
PL04,papaja,130.1086835,V1,0.0679,130.1426525,216.0579
PL04,nowo,133.819955,V1,0.17,133.904966,275.4742
PL04,nowotw€r,137.6183827,V1,0.1016,137.6691688,209.0125
PL04,sumo,141.8375713,V1,0.1124,141.8937741,298.9908
PL04,cumowac,145.7825816,V1,0.0474,145.8062793,239.138
PL04,rzepa,149.6984757,V1,0.1153,149.7561017,278.8459
PL04,mimoza,153.344242,V1,0.0971,153.3927691,217.7322
PL04,papa,157.5377484,V1,0.0837,157.579603,273.9537
PL04,popada,161.3735727,V1,0.0664,161.4067639,222.9331
PL04,bywalec,165.1382305,V1,0.0917,165.1841037,227.6051
PL04,kuma,168.909977,V1,0.1431,168.9815469,296.2593
PL04,zimami,172.519955,V1,0.07,172.554966,217.1665
PL04,niebo,176.239955,V1,0.0584,176.2691491,274.7323
PL04,nieborak,179.889977,V1,0.06,179.919977,228.679
PL04,zima,183.749977,V1,0.1088,183.8043837,279.4284
PL04,zywo,186.9988669,V1,0.1359,187.0668049,280.7925
PL04,popa,190.5789161,V1,0.0704,190.6140983,224.922
PL04,mimo,193.1421363,V1,0.0752,193.1797448,220.2512
PL04,babo,195.899955,V1,0.13,195.964966,210.7293
PL04,kumaty,198.7251228,V1,0.0364,198.7433205,214.9794
PL04,babochlop,202.2845481,V1,0.0654,202.3172625,203.3895
PL04,zywotnie,205.5423028,V1,0.0677,205.5761399,201.9234
PL04,bywa,208.5758251,V1,0.1007,208.626172,222.5653
PL04,rzepaku,211.3936072,V1,0.0764,211.4318223,203.101
PL04,papaja,214.5628,V1,0.0558,214.5907031,223.904
PL04,nowo,217.769977,V1,0.11,217.824966,223.978
PL04,nowotw€r,220.66,V1,0.0679,220.6939533,205.1739
PL04,sumo,224.2679209,V1,0.0921,224.3139605,233.8629
PL04,cumowac,227.0828657,V1,0.0388,227.1022766,219.4802
PL04,rzepa,230.3673104,V1,0.0958,230.415231,228.3612
PL04,mimoza,233.58,V1,0.08,233.62,212.2714
PL04,papa,236.6790061,V1,0.0837,236.7208607,230.9714
PL04,popada,239.6664276,V1,0.0497,239.6912978,215.4596
PL04,bywalec,243.1239459,V1,0.0704,243.159128,191.1342
PL04,kuma,246.3273131,V1,0.0627,246.358645,235.1398
PL04,zimami,249.669977,V1,0.04,249.689977,202.3728
PL04,niebo,252.889977,V1,0.05,252.914966,224.76
PL04,nieborak,255.78,V1,0.05,255.8049885,197.5133
PL04,zima,258.949977,V1,0.0612,258.9805674,223.552
PL04,zywo,261.7753546,V1,0.0983,261.8244884,212.8814
PL04,popa,264.9117916,V1,0.0682,264.9458958,228.6338
PL04,mimo,267.8761628,V1,0.0764,267.9143779,232.271
PL04,babo,270.8284022,V1,0.0971,270.8769293,211.2879
PL04,kumaty,273.9454283,V1,0.0346,273.9627141,215.5244
PL04,babochlop,277.289977,V1,0.07,277.324966,202.966
PL04,zywotnie,280.409977,V1,0.06,280.439977,208.5958
PL04,bywa,283.4275299,V1,0.0971,283.476057,222.859
PL04,rzepaku,286.4050406,V1,0.0704,286.4402227,207.8935
PL04,papaja,289.3704195,V1,0.0522,289.3965028,210.9935
PL04,nowo,292.439955,V1,0.09,292.484966,224.41
PL04,nowotw€r,295.389977,V1,0.05,295.414966,210.2574
PL04,sumo,298.7619436,V1,0.0873,298.805618,230.5395
PL04,cumowac,301.829977,V1,0.03,301.844966,234.7291
PL04,rzepa,304.92,V1,0.0881,304.9640638,226.7958
PL04,mimoza,307.9769407,V1,0.0764,308.0151558,213.2907
PL04,papa,311.1946606,V1,0.0886,311.2389416,229.096
PL04,popada,314.1978534,V1,0.0485,314.222117,209.1081
PL04,bywalec,317.2952632,V1,0.0789,317.3346915,201.4476
PL04,kuma,320.6709017,V1,0.0534,320.6975917,228.4378
PL04,zimami,323.649977,V1,0.053,323.6764912,211.0079
PL04,niebo,326.979955,V1,0.05,327.004966,229.3547
PL04,nieborak,330.18,V1,0.04,330.2,204.3078
PL04,zima,333.259955,V1,0.0635,333.2916822,225.7923
PL04,zywo,336.249977,V1,0.13,336.314966,206.1806
PL04,popa,339.3611322,V1,0.0437,339.3829694,241.2164
PL04,mimo,341.429977,V1,0.06,341.459977,242.2458
PL04,babo,343.34,V1,0.05,343.3649885,234.2805
PL04,kumaty,345.6180294,V1,0.0267,345.6313744,211.7772
PL04,babochlop,347.62,V1,0.05,347.6449885,204.9166
PL04,zywotnie,349.7886909,V1,0.051,349.8141676,200.7663
PL04,bywa,352.209977,V1,0.03,352.224966,241.0392
PL04,rzepaku,354.4759607,V1,0.0364,354.4941584,201.9861
PL04,papaja,356.8606382,V1,0.0352,356.8782293,213.8024
PL04,nowo,359.209977,V1,0.04,359.229977,233.0241
PL04,nowotw€r,361.3499546,V1,0.02,361.3599658,204.153
PL04,sumo,363.6804292,V1,0.0267,363.6937742,245.4278
PL04,cumowac,365.6060958,V1,0.0239,365.6180364,227.7566
PL04,rzepa,367.8246014,V1,0.0388,367.8440123,235.1172
PL04,mimoza,369.99458,V1,0.0454,370.01729,217.5374
PL04,papa,372.1653085,V1,0.0347,372.1826543,238.0107
PL04,popada,374.3286146,V1,0.0309,374.3440826,211.6856
PL04,bywalec,376.4167037,V1,0.0522,376.442787,210.9967
PL04,kuma,378.9103141,V1,0.0197,378.9201455,254.1243
PL04,zimami,381.119955,V1,0.03,381.134966,206.7278
PL04,niebo,383.399955,V1,0.03,383.414966,228.1236
PL04,nieborak,385.4513291,V1,0.0224,385.462551,222.334
PL04,zima,387.6237341,V1,0.0334,387.6404153,229.4372
PL04,zywo,389.78,V1,0.04,389.8,223.6372
PL04,popa,392.8399256,V1,0.0261,392.8529673,244.0972
PL04,mimo,394.6442744,V1,0.0297,394.6591358,240.6424
PL04,babo,396.5335456,V1,0.051,396.5590223,220.5609
PL04,kumaty,398.3245494,V1,0.0254,398.3372632,230.8196
PL04,babochlop,400.369977,V1,0.03,400.384966,202.6185
PL04,zywotnie,402.3025162,V1,0.0275,402.3162466,206.1944
PL04,bywa,404.2494134,V1,0.0406,404.2696952,227.3419
PL04,rzepaku,406.36,V1,0.0285,406.374228,208.0138
PL04,papaja,408.6263725,V1,0.0336,408.6431862,218.8607
PL04,nowo,410.669977,V1,0.03,410.684966,226.6582
PL04,nowotw€r,412.7644788,V1,0.0255,412.7772279,210.7769
PL04,sumo,415.2231937,V1,0.0368,415.2415969,245.7047
PL04,cumowac,417.2670018,V1,0.0231,417.278527,236.8995
PL04,rzepa,419.4272749,V1,0.0327,419.443615,223.1139
PL04,mimoza,421.4081411,V1,0.0319,421.4240705,210.3534
PL04,papa,423.7376526,V1,0.0423,423.7588038,226.2173
PL04,popada,426.0360846,V1,0.0261,426.0491263,225.9059
PL04,bywalec,428.319955,V1,0.03,428.334966,204.4858
PL04,kuma,430.8278072,V1,0.0222,430.8388921,241.6602
PL04,zimami,432.9407664,V1,0.0392,432.9603832,208.5097
PL04,niebo,435.059955,V1,0.03,435.074966,225.3388
PL04,nieborak,437.0268495,V1,0.0273,437.0404977,208.9626
PL04,zima,440.7319946,V1,0.0425,440.7532253,236.1953
PL04,zywo,442.689977,V1,0.04,442.709977,213.2915
PL05,nowo,11.539138,V1,0.1,11.589138,153.4651
PL05,zywo,15.449161,V1,0.12,15.509161,158.0976
PL05,zywotnie,18.46067127,V1,0.0498,18.48555183,118.2976
PL05,nowotw€r,21.85177967,V1,0.0674,21.88545884,114.2895
PL05,sumo,25.27217346,V1,0.067,25.30565573,147.4431
PL05,nieborak,28.25921854,V1,0.0599,28.28917827,115.1072
PL05,babo,31.889161,V1,0.11,31.9441495,132.7226
PL05,papa,35.13349176,V1,0.0837,35.17536393,147.2175
PL05,bywalec,38.779138,V1,0.05,38.804127,111.4666
PL05,mimoza,42.50800436,V1,0.0511,42.53357118,109.298
PL05,zima,45.709161,V1,0.06,45.739161,135.5516
PL05,rzepa,48.969161,V1,0.059,48.99866038,125.6623
PL05,cumowac,51.88027547,V1,0.0389,51.89970674,112.9887
PL05,kuma,55.329161,V1,0.0696,55.36396215,140.0965
PL05,bywa,58.309116,V1,0.1,58.3591385,127.6609
PL05,rzepaku,61.719138,V1,0.0596,61.74893915,112.0852
PL05,niebo,65.32533811,V1,0.1117,65.38116766,135.8568
PL05,popa,68.659138,V1,0.0642,68.69122126,133.78
PL05,babochlop,71.799138,V1,0.05,71.824127,112.5111
PL05,zimami,75.26093064,V1,0.0482,75.28502332,108.3957
PL05,mimo,78.619138,V1,0.08,78.659138,132.8194
PL05,kumaty,81.439138,V1,0.0445,81.46140783,111.949
PL05,papaja,84.799138,V1,0.0444,84.8213407,99.6256
PL05,popada,88.309116,V1,0.0576,88.33792684,98.1183
PL05,nowo,91.739138,V1,0.12,91.799138,149.1884
PL05,zywo,94.71222509,V1,0.0995,94.76198622,138.1016
PL05,zywotnie,97.64937295,V1,0.057,97.67789457,110.4683
PL05,nowotw€r,100.989116,V1,0.07,101.024127,115.0304
PL05,sumo,104.549116,V1,0.07,104.584127,141.3866
PL05,nieborak,107.6352865,V1,0.0639,107.6672122,113.9387
PL05,babo,110.569161,V1,0.12,110.629161,116.9135
PL05,papa,113.579138,V1,0.0817,113.6200076,128.6536
PL05,bywalec,116.579138,V1,0.06,116.609138,108.6434
PL05,mimoza,119.969116,V1,0.07,120.004127,108.8261
PL05,zima,122.639138,V1,0.07,122.674127,123.7436
PL05,rzepa,125.7785033,V1,0.0935,125.8252302,115.0606
PL05,cumowac,129.009161,V1,0.04,129.029161,126.1414
PL05,kuma,132.339138,V1,0.04,132.359138,132.7304
PL05,bywa,135.459138,V1,0.1,135.509138,127.0369
PL05,rzepaku,138.849161,V1,0.0496,138.8739621,112.5528
PL05,niebo,142.119138,V1,0.07,142.154127,123.9143
PL05,popa,145.3709306,V1,0.0765,145.4091617,129.7038
PL05,babochlop,148.489116,V1,0.06,148.5191385,107.7194
PL05,zimami,152.009116,V1,0.04,152.0291385,113.5998
PL05,mimo,155.309161,V1,0.08,155.349161,114.7762
PL05,kumaty,158.639138,V1,0.03,158.654127,111.2854
PL05,papaja,161.789116,V1,0.06,161.8191385,111.4408
PL05,popada,165.379138,V1,0.05,165.404127,108.0837
PL05,nowo,168.509161,V1,0.1,168.559161,156.795
PL05,zywo,171.089161,V1,0.09,171.1341495,149.1305
PL05,zywotnie,173.619138,V1,0.04,173.639138,115.395
PL05,nowotw€r,176.259138,V1,0.04,176.279138,113.5109
PL05,sumo,178.979138,V1,0.07,179.014127,141.9262
PL05,nieborak,181.4177965,V1,0.0583,181.4469249,116.1769
PL05,babo,184.269161,V1,0.11,184.3241495,115.7553
PL05,papa,186.639138,V1,0.0755,186.6768694,121.6841
PL05,bywalec,189.119138,V1,0.05,189.144127,108.3693
PL05,mimoza,191.989161,V1,0.03,192.0041495,110.9519
PL05,zima,194.749116,V1,0.04,194.7691385,126.6438
PL05,rzepa,197.319138,V1,0.0787,197.3584776,123.4891
PL05,cumowac,200.039138,V1,0.04,200.059138,115.3283
PL05,kuma,202.899138,V1,0.04,202.919138,127.4765
PL05,bywa,205.189161,V1,0.11,205.2441495,117.0571
PL05,rzepaku,207.759138,V1,0.0435,207.7808791,110.4821
PL05,niebo,210.909116,V1,0.07,210.944127,112.0959
PL05,popa,213.639138,V1,0.0753,213.6768023,123.477
PL05,babochlop,216.349116,V1,0.04,216.3691385,104.9076
PL05,zimami,219.079138,V1,0.04,219.099138,110.757
PL05,mimo,221.659138,V1,0.08,221.699138,121.7165
PL05,kumaty,224.329161,V1,0.03,224.3441495,113.2605
PL05,papaja,226.669116,V1,0.0588,226.6985079,107.7031
PL05,popada,229.499138,V1,0.05,229.524127,108.9613
PL05,nowo,232.729116,V1,0.08,232.7691385,123.4812
PL05,zywo,234.859138,V1,0.08,234.899138,120.7491
PL05,zywotnie,237.259138,V1,0.06,237.289138,104.9543
PL05,nowotw€r,239.7260018,V1,0.0632,239.7575814,104.0478
PL05,sumo,242.059138,V1,0.08,242.099138,123.0789
PL05,nieborak,244.7664485,V1,0.0727,244.8027933,105.597
PL05,babo,247.299138,V1,0.1,247.349138,109.8816
PL05,papa,249.959138,V1,0.0958,250.0070405,119.5813
PL05,bywalec,252.789161,V1,0.06,252.819161,106.0727
PL05,mimoza,255.849116,V1,0.05,255.874127,104.6035
PL05,zima,258.679138,V1,0.04,258.699138,121.3272
PL05,rzepa,261.319138,V1,0.0716,261.3549149,116.6645
PL05,cumowac,264.079138,V1,0.03,264.094127,105.5232
PL05,kuma,266.879138,V1,0.05,266.904127,121.0069
PL05,bywa,269.669116,V1,0.1,269.7191385,117.7192
PL05,rzepaku,272.369116,V1,0.09,272.414127,98.971
PL05,niebo,275.199138,V1,0.08,275.239138,113.0225
PL05,popa,278.429161,V1,0.078,278.468173,123.2906
PL05,babochlop,280.959138,V1,0.05,280.984127,108.2405
PL05,zimami,283.799138,V1,0.04,283.819138,108.5172
PL05,mimo,286.669161,V1,0.09,286.7141495,120.9345
PL05,kumaty,289.339138,V1,0.0509,289.3645985,--undefined--
PL05,papaja,291.959138,V1,0.0618,291.9900489,101.9604
PL05,popada,294.619138,V1,0.06,294.649138,99.5831
PL05,nowo,297.3649443,V1,0.0642,297.3970302,136.1041
PL05,zywo,299.829161,V1,0.06,299.859161,132.1432
PL05,zywotnie,302.219138,V1,0.06,302.249138,113.1205
PL05,nowotw€r,304.6222264,V1,0.0469,304.6456712,115.4703
PL05,sumo,306.929116,V1,0.07,306.964127,126.0296
PL05,nieborak,309.1551011,V1,0.054,309.1821085,111.4488
PL05,babo,311.639138,V1,0.07,311.674127,114.4453
PL05,papa,314.269116,V1,0.08,314.3091385,113.978
PL05,bywalec,316.889116,V1,0.05,316.914127,109.6987
PL05,mimoza,319.2674393,V1,0.0517,319.2932887,109.8891
PL05,zima,321.769161,V1,0.04,321.789161,115.7051
PL05,rzepa,324.179138,V1,0.0459,324.2020928,116.0697
PL05,cumowac,326.679138,V1,0.03,326.694127,--undefined--
PL05,kuma,329.009161,V1,0.04,329.029161,125.0306
PL05,bywa,331.259138,V1,0.07,331.294127,119.6123
PL05,rzepaku,333.569161,V1,0.0401,333.5892156,105.2247
PL05,niebo,335.9516459,V1,0.0675,335.985392,112.3966
PL05,popa,338.059138,V1,0.0617,338.0899818,114.746
PL05,babochlop,340.429116,V1,0.04,340.4491385,108.1072
PL05,zimami,343.009161,V1,0.04,343.029161,105.916
PL05,mimo,345.289161,V1,0.05,345.3141495,116.4976
PL05,kumaty,347.389116,V1,0.03,347.404127,110.4356
PL05,papaja,349.789161,V1,0.05,349.8141495,107.4121
PL05,popada,352.109116,V1,0.04,352.1291385,106.9642
PL05,nowo,355.199138,V1,0.06,355.229138,117.7391
PL05,zywo,357.189161,V1,0.07,357.2241495,118.131
PL05,zywotnie,359.169161,V1,0.03,359.1841495,106.286
PL05,nowotw€r,361.419138,V1,0.03,361.434127,108.2598
PL05,sumo,364.049161,V1,0.06,364.079161,121.1392
PL05,nieborak,366.209161,V1,0.04,366.229161,104.3971
PL05,babo,368.789161,V1,0.08,368.829161,104.0928
PL05,papa,371.189116,V1,0.08,371.2291385,106.191
PL05,bywalec,373.669161,V1,0.06,373.699161,105.0072
PL05,mimoza,376.2560243,V1,0.0531,376.2825701,109.7381
PL05,zima,378.3542742,V1,0.051,378.3797616,106.9495
PL05,rzepa,380.5843633,V1,0.057,380.6128849,112.0499
PL05,cumowac,382.699138,V1,0.04,382.719138,111.0604
PL05,kuma,385.149161,V1,0.03,385.1641495,121.3389
PL05,bywa,387.549116,V1,0.06,387.5791385,106.9662
PL05,rzepaku,389.8269474,V1,0.0498,389.851828,104.8281
PL05,niebo,392.5790618,V1,0.0601,392.6090999,104.6644
PL05,popa,395.0440728,V1,0.065,395.0765944,109.356
PL05,babochlop,397.299138,V1,0.04,397.319138,101.5803
PL05,zimami,399.939218,V1,0.0364,399.9574233,103.2151
PL05,mimo,402.7370797,V1,0.0521,402.7631204,111.1253
PL05,kumaty,404.839138,V1,0.03,404.854127,106.8507
PL05,papaja,406.959138,V1,0.06,406.989138,101.8907
PL05,popada,408.979138,V1,0.05,409.004127,100.7584
PL06,mimoza,1.667438,V1,0.06,1.697438,165.2529
PL06,popa,7.751931676,V1,0.0994,7.801612057,190.189
PL06,niebo,11.15432589,V1,0.1031,11.20587045,227.2547
PL06,sumo,14.617422,V1,0.09,14.66243,198.3261
PL06,zimami,17.87746,V1,0.05,17.902449,203.1201
PL06,zywotnie,21.257415,V1,0.07,21.2924265,210.8238
PL06,zima,25.00110347,V1,0.0757,25.03895519,237.9989
PL06,babochlop,28.367438,V1,0.1402,28.43753101,193.8742
PL06,mimo,32.107438,V1,0.1,32.157438,202.2976
PL06,nieborak,35.31187393,V1,0.0455,35.33464447,174.3632
PL06,papaja,39.017415,V1,0.067,39.05092481,170.4545
PL06,zywo,42.97957684,V1,0.136,43.04759165,241.3249
PL06,kuma,46.757415,V1,0.08,46.7974375,255.81
PL06,nowo,50.517415,V1,0.1447,50.58974522,215.2312
PL06,rzepaku,54.307438,V1,0.0675,54.34118505,180.9504
PL06,bywalec,58.167438,V1,0.1,58.217438,184.2764
PL06,rzepa,62.247438,V1,0.1208,62.3078539,210.2056
PL06,kumaty,65.827438,V1,0.05,65.8524265,201.4955
PL06,cumowac,69.59746,V1,0.05,69.622449,200.176
PL06,bywa,73.3351425,V1,0.123,73.39665154,226.0785
PL06,babo,76.85024022,V1,0.1384,76.9194379,224.2917
PL06,nowotw€r,80.23746,V1,0.07,80.272449,162.9395
PL06,papa,84.29746,V1,0.1181,84.3565187,212.2795
PL06,popada,87.897415,V1,0.0635,87.92915051,164.3048
PL06,mimoza,97.227438,V1,0.06,97.257438,178.8254
PL06,popa,100.707438,V1,0.117,100.7659165,230.6495
PL06,niebo,104.1234226,V1,0.084,104.1654303,225.0412
PL06,sumo,107.617415,V1,0.1,107.6674375,248.0432
PL06,zimami,111.007438,V1,0.06,111.037438,183.4298
PL06,zywotnie,114.587438,V1,0.08,114.627438,191.8526
PL06,zima,118.617415,V1,0.11,118.6724265,213.1483
PL06,babochlop,122.3477658,V1,0.0897,122.3926129,168.4097
PL06,mimo,126.357415,V1,0.1,126.4074375,231.8589
PL06,nieborak,129.9083028,V1,0.0591,129.9378704,178.3069
PL06,papaja,133.69746,V1,0.0691,133.7320127,154.0043
PL06,zywo,137.847438,V1,0.12,137.907438,234.7876
PL06,kuma,141.91746,V1,0.09,141.962449,262.6418
PL06,nowo,145.607438,V1,0.15,145.6824265,221.3742
PL06,rzepaku,149.237415,V1,0.0624,149.2686134,177.8399
PL06,bywalec,153.037415,V1,0.08,153.0774375,176.4396
PL06,rzepa,157.0896169,V1,0.1124,157.1458031,210.0474
PL06,kumaty,161.017415,V1,0.07,161.0524265,187.7373
PL06,cumowac,165.4289486,V1,0.0662,165.4620689,191.5963
PL06,bywa,169.467438,V1,0.15,169.5424265,213.0857
PL06,babo,172.907438,V1,0.15,172.9824265,198.508
PL06,nowotw€r,176.467438,V1,0.05,176.4924265,181.0341
PL06,papa,180.307438,V1,0.1167,180.3657877,212.7883
PL06,popada,183.71746,V1,0.0608,183.7478614,171.5516
PL06,mimoza,187.447438,V1,0.06,187.477438,177.3563
PL06,popa,190.587438,V1,0.0596,190.6172592,242.0058
PL06,niebo,193.467438,V1,0.06,193.497438,172.8227
PL06,sumo,196.4436625,V1,0.0938,196.4905613,251.0599
PL06,zimami,199.3192507,V1,0.0382,199.3383553,210.3981
PL06,zywotnie,202.527438,V1,0.04,202.547438,190.1368
PL06,zima,205.547438,V1,0.05,205.5724265,236.2103
PL06,babochlop,208.3627993,V1,0.0646,208.3951186,182.427
PL06,mimo,211.617415,V1,0.08,211.6574375,230.4831
PL06,nieborak,214.3746455,V1,0.0528,214.4010418,169.5175
PL06,papaja,217.4741309,V1,0.058,217.5031112,174.3571
PL06,zywo,220.787438,V1,0.07,220.8224265,227.8547
PL06,kuma,223.99746,V1,0.04,224.01746,238.9618
PL06,nowo,226.887438,V1,0.07,226.9224265,213.6584
PL06,rzepaku,229.55746,V1,0.0484,229.5816785,188.7818
PL06,bywalec,232.897415,V1,0.0706,232.9326991,188.2874
PL06,rzepa,235.997415,V1,0.07,236.0324306,204.9942
PL06,kumaty,238.9847542,V1,0.0509,239.0101859,197.4366
PL06,cumowac,242.03746,V1,0.0545,242.0647013,186.3707
PL06,bywa,245.1388624,V1,0.0786,245.1781387,203.6782
PL06,babo,248.2871089,V1,0.0946,248.3344236,210.3223
PL06,nowotw€r,251.347438,V1,0.06,251.377438,178.6755
PL06,papa,254.297415,V1,0.0861,254.3404421,204.2529
PL06,popada,257.187438,V1,0.0633,257.2190878,174.717
PL06,mimoza,260.647438,V1,0.05,260.6724265,186.9909
PL06,popa,263.927438,V1,0.0698,263.9623135,232.725
PL06,niebo,267.107438,V1,0.05,267.1324265,224.6441
PL06,sumo,270.107438,V1,0.07,270.1424265,238.5472
PL06,zimami,273.17746,V1,0.04,273.19746,177.18
PL06,zywotnie,276.4520227,V1,0.0591,276.4815944,169.903
PL06,zima,279.367438,V1,0.06,279.397438,209.5708
PL06,babochlop,282.567438,V1,0.06,282.597438,168.1235
PL06,mimo,285.797415,V1,0.08,285.8374375,213.5737
PL06,nieborak,289.147392,V1,0.03,289.1624035,170.956
PL06,papaja,292.587438,V1,0.0544,292.6146249,187.5114
PL06,zywo,295.9063259,V1,0.0811,295.9468819,197.4497
PL06,kuma,298.707438,V1,0.04,298.727438,223.5759
PL06,nowo,301.517415,V1,0.05,301.5424265,196.6479
PL06,rzepaku,304.247438,V1,0.0656,304.2802164,182.3806
PL06,bywalec,307.777415,V1,0.07,307.8124265,191.1684
PL06,rzepa,310.8396565,V1,0.0733,310.8763254,209.841
PL06,kumaty,313.587438,V1,0.0485,313.6116678,193.5691
PL06,cumowac,316.707438,V1,0.03,316.7224265,187.5802
PL06,bywa,319.9770112,V1,0.0704,320.0122246,219.1316
PL06,babo,322.797415,V1,0.1,322.8474375,168.6215
PL06,nowotw€r,325.687438,V1,0.05,325.7124265,193.2831
PL06,papa,328.777415,V1,0.0777,328.8162477,238.3028
PL06,popada,331.507438,V1,0.04,331.527438,168.4423
PL06,mimoza,334.247438,V1,0.0469,334.2708819,191.3172
PL06,popa,336.59746,V1,0.0638,336.6293784,213.2623
PL06,niebo,338.997415,V1,0.04,339.0174375,210.8359
PL06,sumo,341.5869717,V1,0.0304,341.6021933,239.9178
PL06,zimami,344.2380458,V1,0.0355,344.2557888,193.2536
PL06,zywotnie,347.0403028,V1,0.0473,347.0639601,189.4977
PL06,zima,349.8879366,V1,0.0343,349.9050881,213.3179
PL06,babochlop,352.6273133,V1,0.0501,352.6523866,186.3235
PL06,mimo,355.467438,V1,0.07,355.5024265,208.428
PL06,nieborak,358.1764742,V1,0.0409,358.1969446,180.993
PL06,papaja,360.797415,V1,0.0552,360.8250105,198.1924
PL06,zywo,363.69746,V1,0.05,363.722449,192.0699
PL06,kuma,366.337415,V1,0.0464,366.3606019,228.2431
PL06,nowo,368.83746,V1,0.07,368.872449,200.7185
PL06,rzepaku,371.0540222,V1,0.0532,371.0806367,187.8687
PL06,bywalec,373.847438,V1,0.04,373.867438,176.3001
PL06,rzepa,376.8000423,V1,0.0627,376.8313883,200.3762
PL06,kumaty,379.297415,V1,0.03,379.3124265,194.0472
PL06,cumowac,382.107438,V1,0.03,382.1224265,199.5392
PL06,bywa,384.697415,V1,0.08,384.7374375,207.3335
PL06,babo,387.2459371,V1,0.0715,387.2816985,200.3144
PL06,nowotw€r,389.7327081,V1,0.1147,389.7900731,188.4217
PL06,papa,392.2592282,V1,0.0639,392.2911655,212.5415
PL06,popada,394.577415,V1,0.0576,394.6061933,191.2952
PL06,mimoza,397.29746,V1,0.0431,397.3189899,190.5868
PL06,popa,399.55746,V1,0.0532,399.5840442,214.4029
PL06,niebo,401.7983224,V1,0.0591,401.8278912,205.2874
PL06,sumo,404.21746,V1,0.03,404.232449,214.8152
PL06,zimami,406.45746,V1,0.03,406.472449,200.7639
PL06,zywotnie,408.9963254,V1,0.0379,409.0152512,189.2211
PL06,zima,411.647438,V1,0.06,411.677438,210.304
PL06,babochlop,414.427438,V1,0.03,414.4424265,178.4622
PL06,mimo,417.197415,V1,0.06,417.2274375,208.2149
PL06,nieborak,419.947438,V1,0.03,419.9624265,181.9581
PL06,papaja,422.607438,V1,0.0591,422.6369907,184.6507
PL06,zywo,425.5862166,V1,0.0412,425.6068273,200.6865
PL06,kuma,428.2712355,V1,0.0414,428.2919357,207.9078
PL06,nowo,431.427438,V1,0.05,431.4524265,192.2231
PL06,rzepaku,434.31746,V1,0.0537,434.3443128,187.1885
PL06,bywalec,437.1914852,V1,0.052,437.2175082,188.0471
PL06,rzepa,440.087438,V1,0.0454,440.110162,193.8863
PL06,kumaty,442.787438,V1,0.03,442.8024265,192.9297
PL06,cumowac,445.407438,V1,0.03,445.4224265,200.9503
PL06,bywa,447.9546059,V1,0.0528,447.981022,192.2145
PL06,babo,450.417415,V1,0.0819,450.4583449,193.6835
PL06,nowotw€r,453.07746,V1,0.04,453.09746,183.9728
PL06,papa,455.8532056,V1,0.0793,455.8928316,201.6486
PL06,popada,458.677415,V1,0.0529,458.703882,191.6367
PL07,nowo,1.39805,V1,0.1,1.44805,195.2937
PL07,zywotnie,4.35805,V1,0.06,4.38805,253.8531
PL07,bywalec,8.008027,V1,0.08,8.04805,266.761
PL07,zima,11.028027,V1,0.05,11.0530385,222.0522
PL07,babo,13.688027,V1,0.109,13.74251765,193.955
PL07,papa,17.86349591,V1,0.1031,17.91506865,192.9249
PL07,mimoza,21.168073,V1,0.1,21.218073,264.2842
PL07,popada,24.528073,V1,0.0762,24.56619421,259.2725
PL07,mimo,27.708027,V1,0.1,27.75805,242.4599
PL07,sumo,30.59232184,V1,0.1106,30.647621,239.121
PL07,zywo,33.768073,V1,0.09,33.8130615,244.6325
PL07,papaja,37.35805,V1,0.0871,37.40162324,253.5574
PL07,kumaty,40.628027,V1,0.05,40.6530385,289.8103
PL07,bywa,43.85805,V1,0.1088,43.91245087,248.3584
PL07,babochlop,47.248027,V1,0.1,47.29805,264.4398
PL07,rzepa,50.568073,V1,0.0972,50.61668351,218.6664
PL07,nowotw€r,53.748027,V1,0.07,53.7830385,257.3261
PL07,cumowac,57.128073,V1,0.05,57.1530615,301.6341
PL07,kuma,60.65805,V1,0.0843,60.70019072,268.5611
PL07,zimami,64.008073,V1,0.05,64.0330615,278.6059
PL07,popa,66.91665667,V1,0.0826,66.95793634,233.9033
PL07,niebo,69.72945679,V1,0.1086,69.7837534,214.3451
PL07,rzepaku,72.73805,V1,0.0695,72.77282167,259.8127
PL07,nieborak,75.92313797,V1,0.0794,75.9628599,257.607
PL07,nowo,79.228073,V1,0.1,79.278073,217.5927
PL07,zywotnie,82.528027,V1,0.05,82.5530385,248.535
PL07,bywalec,85.548027,V1,0.09,85.5930385,275.7466
PL07,zima,89.19805,V1,0.05,89.2230385,245.2178
PL07,babo,92.328027,V1,0.12,92.38805,198.9797
PL07,papa,95.588027,V1,0.0977,95.63689461,199.3848
PL07,mimoza,98.51805,V1,0.08,98.55805,280.1595
PL07,popada,101.95805,V1,0.0581,101.9871192,269.6508
PL07,mimo,105.368027,V1,0.09,105.4130385,247.9809
PL07,sumo,108.568027,V1,0.0742,108.6051189,272.5752
PL07,zywo,111.848073,V1,0.1,111.898073,252.3253
PL07,papaja,114.708073,V1,0.0856,114.7508559,257.3452
PL07,kumaty,118.11805,V1,0.05,118.1430385,283.7253
PL07,bywa,121.51805,V1,0.11,121.5730385,266.2187
PL07,babochlop,124.69805,V1,0.0848,124.7404736,247.8541
PL07,rzepa,127.948073,V1,0.0901,127.993116,228.2685
PL07,nowotw€r,131.168027,V1,0.07,131.2030385,256.6098
PL07,cumowac,134.53805,V1,0.05,134.5630385,290.5127
PL07,kuma,137.888027,V1,0.0699,137.9230003,272.6313
PL07,zimami,141.05805,V1,0.04,141.07805,264.5733
PL07,popa,144.448027,V1,0.0915,144.4937792,242.1448
PL07,niebo,147.6813298,V1,0.0872,147.7249461,246.541
PL07,rzepaku,150.508027,V1,0.0633,150.5396832,263.4231
PL07,nieborak,153.43805,V1,0.06,153.46805,252.788
PL07,nowo,156.718005,V1,0.0652,156.7506254,241.2299
PL07,zywotnie,158.728027,V1,0.07,158.7630385,243.8921
PL07,bywalec,161.388027,V1,0.07,161.4230385,264.411
PL07,zima,164.208027,V1,0.05,164.2330385,249.0453
PL07,babo,166.61805,V1,0.0871,166.6615793,220.365
PL07,papa,168.828027,V1,0.0993,168.8776687,217.9672
PL07,mimoza,171.268027,V1,0.07,171.3030385,254.0719
PL07,popada,173.748027,V1,0.0463,173.7711922,245.6054
PL07,mimo,176.11805,V1,0.07,176.1530385,239.436
PL07,sumo,178.43805,V1,0.07,178.4730385,270.9938
PL07,zywo,180.928027,V1,0.09,180.9730385,262.2878
PL07,papaja,183.168027,V1,0.0697,183.2028703,215.816
PL07,kumaty,185.8878991,V1,0.0401,185.907963,255.8337
PL07,bywa,188.408027,V1,0.11,188.4630385,287.347
PL07,babochlop,191.07805,V1,0.0777,191.1169061,228.6847
PL07,rzepa,193.59805,V1,0.0677,193.6319176,254.1105
PL07,nowotw€r,195.83805,V1,0.04,195.85805,229.6327
PL07,cumowac,198.308027,V1,0.04,198.32805,235.5782
PL07,kuma,200.968027,V1,0.06,200.99805,283.7597
PL07,zimami,203.788027,V1,0.04,203.80805,239.189
PL07,popa,206.69805,V1,0.0853,206.7406867,256.0853
PL07,niebo,209.548027,V1,0.0524,209.5742476,256.0925
PL07,rzepaku,212.0513298,V1,0.0576,212.0801477,236.4227
PL07,nieborak,214.1261463,V1,0.0619,214.1571097,229.08
PL07,nowo,218.1554987,V1,0.1199,218.215471,199.9332
PL07,zywotnie,220.808073,V1,0.05,220.8330615,244.6208
PL07,bywalec,223.748073,V1,0.08,223.788073,277.4711
PL07,zima,226.808073,V1,0.05,226.8330615,238.4777
PL07,babo,229.488027,V1,0.1,229.53805,193.6204
PL07,papa,232.2284516,V1,0.1013,232.2790775,183.0112
PL07,mimoza,235.108027,V1,0.06,235.13805,257.5585
PL07,popada,238.13805,V1,0.051,238.1635518,260.8788
PL07,mimo,241.11805,V1,0.09,241.1630385,240.6686
PL07,sumo,244.168027,V1,0.0989,244.2174718,245.4097
PL07,zywo,247.028027,V1,0.09,247.0730385,232.1004
PL07,papaja,250.05805,V1,0.0749,250.0955175,235.6107
PL07,kumaty,252.95805,V1,0.0616,252.9888346,253.3961
PL07,bywa,256.548027,V1,0.11,256.6030385,238.9555
PL07,babochlop,259.37805,V1,0.07,259.4130385,229.5022
PL07,rzepa,262.308027,V1,0.0786,262.3473466,200.7356
PL07,nowotw€r,265.23805,V1,0.04,265.25805,244.59
PL07,cumowac,268.468027,V1,0.04,268.48805,254.4781
PL07,kuma,271.368027,V1,0.08,271.40805,234.8367
PL07,zimami,274.248027,V1,0.05,274.2730385,246.0595
PL07,popa,277.2448485,V1,0.081,277.2853493,208.7186
PL07,niebo,280.2282374,V1,0.0998,280.2781552,218.1786
PL07,rzepaku,283.468073,V1,0.0565,283.4963194,242.2837
PL07,nieborak,286.23805,V1,0.06,286.26805,226.114
PL07,nowo,289.188027,V1,0.05,289.2130385,263.6054
PL07,zywotnie,291.468073,V1,0.05,291.4930615,284.2075
PL07,bywalec,293.928073,V1,0.05,293.9530615,272.484
PL07,zima,296.468027,V1,0.05,296.4930385,286.4119
PL07,babo,298.73805,V1,0.08,298.77805,256.1634
PL07,papa,301.27805,V1,0.0753,301.3156867,237.9203
PL07,mimoza,303.63805,V1,0.06,303.66805,262.0623
PL07,popada,306.2485527,V1,0.0389,306.2680242,249.8192
PL07,mimo,308.73805,V1,0.08,308.77805,232.0294
PL07,sumo,311.208073,V1,0.0808,311.2484543,244.8825
PL07,zywo,313.728027,V1,0.08,313.76805,248.3911
PL07,papaja,316.01805,V1,0.0688,316.0524346,249.3148
PL07,kumaty,318.55805,V1,0.04,318.57805,262.5077
PL07,bywa,320.71805,V1,0.09,320.7630385,239.8396
PL07,babochlop,323.39805,V1,0.06,323.42805,230.1233
PL07,rzepa,326.128027,V1,0.0544,326.1552117,211.349
PL07,nowotw€r,328.61805,V1,0.05,328.6430385,253.9784
PL07,cumowac,331.668073,V1,0.04,331.688073,255.4419
PL07,kuma,334.13805,V1,0.07,334.1730385,215.8144
PL07,zimami,336.69805,V1,0.05,336.7230385,242.289
PL07,popa,339.61805,V1,0.0575,339.6468249,204.631
PL07,niebo,342.1894665,V1,0.0498,342.2143901,212.6822
PL07,rzepaku,344.5473103,V1,0.0639,344.5792436,244.0051
PL07,nieborak,346.781886,V1,0.0562,346.809968,252.2859
PL07,nowo,349.208027,V1,0.04,349.22805,231.4617
PL07,zywotnie,351.43805,V1,0.04,351.45805,267.8114
PL07,bywalec,354.07805,V1,0.08,354.11805,284.8279
PL07,zima,356.668073,V1,0.05,356.6930615,250.0374
PL07,babo,359.248073,V1,0.1,359.298073,223.9122
PL07,papa,361.83805,V1,0.0619,361.8689923,228.2052
PL07,mimoza,364.348027,V1,0.07,364.3830385,264.9557
PL07,popada,367.19805,V1,0.0373,367.2166997,257.4143
PL07,mimo,370.168027,V1,0.07,370.2030385,233.3256
PL07,sumo,372.65805,V1,0.0731,372.6946135,244.8218
PL07,zywo,375.55805,V1,0.09,375.6030385,247.1338
PL07,papaja,378.1205589,V1,0.0545,378.1478191,235.6554
PL07,kumaty,380.828073,V1,0.04,380.848073,262.8482
PL07,bywa,383.608027,V1,0.08,383.64805,235.9608
PL07,babochlop,386.11805,V1,0.05,386.1430385,248.4256
PL07,rzepa,388.868073,V1,0.06,388.898073,220.3482
PL07,nowotw€r,391.388027,V1,0.05,391.4130385,239.5686
PL07,cumowac,394.068073,V1,0.0338,394.0849518,277.4214
PL07,kuma,396.73805,V1,0.05,396.7630385,256.4479
PL07,zimami,399.008027,V1,0.05,399.0330385,250.6436
PL07,popa,402.048073,V1,0.06,402.078073,219.3784
PL07,niebo,404.81805,V1,0.06,404.84805,213.4511
PL07,rzepaku,407.21805,V1,0.0438,407.2399403,258.4724
PL07,nieborak,409.888073,V1,0.06,409.918073,252.4891
PL08,niebo,1.776386593,V1,0.1089,1.830849617,173.1285
PL08,nowo,6.399955,V1,0.13,6.464966,259.0945
PL08,zywo,10.909977,V1,0.11,10.964966,279.625
PL08,kumaty,14.689977,V1,0.0557,14.71781969,265.0026
PL08,mimoza,18.969977,V1,0.08,19.009977,281.4518
PL08,babochlop,23.309977,V1,0.0794,23.34967123,237.0561
PL08,nieborak,27.60056789,V1,0.0643,27.63270108,281.8088
PL08,sumo,31.619955,V1,0.1094,31.67466023,272.1389
PL08,kuma,35.84,V1,0.08,35.88,272.9706
PL08,papaja,39.519955,V1,0.0778,39.55886595,222.835
PL08,papa,43.489977,V1,0.1177,43.54884287,223.1685
PL08,zima,47.639955,V1,0.0577,47.66882062,193.3811
PL08,bywalec,51.599955,V1,0.1,51.6499775,266.9753
PL08,babo,56.129977,V1,0.13,56.194966,211.3256
PL08,rzepa,60.449977,V1,0.0924,60.49617271,185.5506
PL08,nowotw€r,64.32,V1,0.09,64.3649885,256.8672
PL08,mimo,68.679955,V1,0.1,68.7299775,210.3056
PL08,bywa,72.979955,V1,0.15,73.054966,177.5035
PL08,zywotnie,77.0168843,V1,0.0931,77.06343065,273.4342
PL08,rzepaku,81.55496693,V1,0.0762,81.59309104,248.162
PL08,popa,85.749977,V1,0.1088,85.80435525,206.0191
PL08,cumowac,89.799955,V1,0.0672,89.83357097,281.9156
PL08,zimami,94.4,V1,0.0978,94.44888661,251.4346
PL08,popada,98.24113536,V1,0.0708,98.27653633,293.1165
PL08,niebo,102.3655984,V1,0.0784,102.4048118,180.8345
PL08,nowo,106.219955,V1,0.13,106.284966,177.7581
PL08,zywo,110.24,V1,0.09,110.2849885,191.6375
PL08,kumaty,114.389977,V1,0.0785,114.4292249,272.1626
PL08,mimoza,118.839955,V1,0.11,118.894966,269.3297
PL08,babochlop,123.1701521,V1,0.0998,123.2200645,236.0721
PL08,nieborak,127.4679316,V1,0.0708,127.5033325,247.8687
PL08,sumo,132.14,V1,0.1,132.19,200.5415
PL08,kuma,136.189977,V1,0.0866,136.233266,180.8165
PL08,papaja,140.081332,V1,0.0773,140.1200008,277.4971
PL08,papa,144.129977,V1,0.1077,144.1838106,180.1706
PL08,zima,148.4,V1,0.08,148.44,190.24
PL08,bywalec,152.689977,V1,0.09,152.734966,241.0628
PL08,babo,157.14,V1,0.13,157.2049885,172.9795
PL08,rzepa,160.799955,V1,0.0797,160.8398115,156.881
PL08,nowotw€r,165.219955,V1,0.09,165.264966,237.906
PL08,mimo,169.399955,V1,0.08,169.4399775,183.2486
PL08,bywa,173.049977,V1,0.11,173.104966,178.884
PL08,zywotnie,177.199955,V1,0.13,177.264966,248.0881
PL08,rzepaku,181.5727239,V1,0.0937,181.6195621,246.5458
PL08,popa,185.549977,V1,0.0865,185.593234,174.8171
PL08,cumowac,190.12,V1,0.0713,190.1556529,280.3589
PL08,zimami,194.34,V1,0.1,194.39,246.4639
PL08,popada,197.9818861,V1,0.073,198.0183764,272.9165
PL08,niebo,202.038586,V1,0.0588,202.0679961,178.4463
PL08,nowo,204.599955,V1,0.08,204.6399775,170.6374
PL08,zywo,207.979955,V1,0.11,208.034966,223.4476
PL08,kumaty,210.889977,V1,0.0543,210.9171447,243.9637
PL08,mimoza,214.1810088,V1,0.0627,214.212361,218.5033
PL08,babochlop,217.32,V1,0.06,217.35,214.8441
PL08,nieborak,220.7536881,V1,0.0562,220.7817969,224.3938
PL08,sumo,224.04,V1,0.08,224.08,230.9798
PL08,kuma,227.1,V1,0.05,227.1249885,262.9454
PL08,papaja,230.199955,V1,0.0698,230.2348576,240.2096
PL08,papa,233.54,V1,0.1153,233.5976677,190.3082
PL08,zima,236.979955,V1,0.07,237.014966,223.2546
PL08,bywalec,240.559955,V1,0.09,240.604966,237.9454
PL08,babo,243.9446237,V1,0.1146,244.0019225,182.4382
PL08,rzepa,247.4512558,V1,0.1081,247.5053113,245.1591
PL08,nowotw€r,250.849977,V1,0.06,250.879977,216.535
PL08,mimo,254.509977,V1,0.08,254.549977,219.3881
PL08,bywa,257.609977,V1,0.11,257.664966,252.0626
PL08,zywotnie,261.0782841,V1,0.0617,261.109142,247.0272
PL08,rzepaku,264.519955,V1,0.0612,264.5505332,229.9722
PL08,popa,267.639955,V1,0.106,267.692966,185.4703
PL08,cumowac,271.149977,V1,0.0459,271.1729147,264.507
PL08,zimami,274.939955,V1,0.08,274.9799775,226.4657
PL08,popada,278.239955,V1,0.072,278.2759387,226.8882
PL08,niebo,282.1788241,V1,0.0712,282.2144006,169.369
PL08,nowo,285.2246462,V1,0.0953,285.2723006,175.439
PL08,zywo,288.479955,V1,0.08,288.5199775,182.4482
PL08,kumaty,292.1046237,V1,0.0432,292.1262459,250.3636
PL08,mimoza,295.569977,V1,0.07,295.604966,214.8349
PL08,babochlop,298.789977,V1,0.0751,298.8275091,237.3606
PL08,nieborak,302.309977,V1,0.0417,302.3308142,235.3348
PL08,sumo,305.659955,V1,0.08,305.6999775,204.7832
PL08,kuma,309.649977,V1,0.06,309.679977,205.7119
PL08,papaja,313.18,V1,0.0696,313.2148181,227.2678
PL08,papa,316.679955,V1,0.1085,316.7341821,206.0548
PL08,zima,320.059955,V1,0.0601,320.0899926,176.5284
PL08,bywalec,323.099955,V1,0.07,323.134966,233.0109
PL08,babo,326.5,V1,0.1151,326.5575327,185.6672
PL08,rzepa,330.0451637,V1,0.1049,330.0975975,197.1704
PL08,nowotw€r,333.18,V1,0.05,333.2049885,216.8629
PL08,mimo,336.8008393,V1,0.0691,336.8354081,190.3298
PL08,bywa,339.989977,V1,0.11,340.044966,169.9634
PL08,zywotnie,343.439955,V1,0.05,343.464966,240.2141
PL08,rzepaku,347.1840826,V1,0.0584,347.2132726,231.0672
PL08,popa,350.609977,V1,0.1018,350.660888,183.4278
PL08,cumowac,354.2412574,V1,0.0487,354.2656172,219.0681
PL08,zimami,357.44,V1,0.05,357.4649885,226.8548
PL08,popada,360.369977,V1,0.077,360.4084552,236.758
PL08,niebo,363.969977,V1,0.0298,363.9848681,220.3409
PL08,nowo,366.5354442,V1,0.0822,366.5765263,179.1982
PL08,zywo,368.939955,V1,0.06,368.9699775,194.4527
PL08,kumaty,371.239955,V1,0.0428,371.2613438,211.7359
PL08,mimoza,373.879955,V1,0.05,373.904966,200.5559
PL08,babochlop,376.549977,V1,0.07,376.584966,214.3887
PL08,nieborak,379.309977,V1,0.037,379.3284547,206.8994
PL08,sumo,382.24,V1,0.06,382.27,202.3594
PL08,kuma,384.959955,V1,0.05,384.984966,203.1416
PL08,papaja,387.86,V1,0.0632,387.891586,230.2185
PL08,papa,391.229977,V1,0.0947,391.2773126,183.5219
PL08,zima,394.66,V1,0.06,394.69,194.0727
PL08,bywalec,397.6670559,V1,0.0649,397.6994892,212.6384
PL08,babo,400.8038126,V1,0.1062,400.8568948,159.5769
PL08,rzepa,403.7001747,V1,0.0598,403.7300649,167.7838
PL08,nowotw€r,406.569977,V1,0.04,406.589977,206.2762
PL08,mimo,409.669977,V1,0.07,409.704966,182.627
PL08,bywa,412.509977,V1,0.0728,412.5463548,172.7906
PL08,zywotnie,415.329977,V1,0.04,415.349977,224.775
PL08,rzepaku,418.399955,V1,0.0474,418.423641,212.5325
PL08,popa,421.1,V1,0.0737,421.1368566,191.8057
PL08,cumowac,423.789977,V1,0.05,423.814966,239.5843
PL08,zimami,426.679955,V1,0.07,426.714966,223.6813
PL08,popada,429.479955,V1,0.0579,429.5089115,240.7162
PL08,niebo,432.3161433,V1,0.0538,432.3430602,119.6448
PL08,nowo,434.529977,V1,0.07,434.564966,158.6419
PL08,zywo,436.96,V1,0.0626,436.9913048,177.505
PL08,kumaty,439.1670559,V1,0.0429,439.1885165,218.2799
PL08,mimoza,441.72,V1,0.05,441.7449885,220.4176
PL08,babochlop,444.4001752,V1,0.0698,444.4350761,221.3375
PL08,nieborak,447.069977,V1,0.0437,447.0918331,220.2328
PL08,sumo,449.749977,V1,0.06,449.779977,205.7618
PL08,kuma,452.32,V1,0.05,452.3449885,158.247
PL08,papaja,455.069977,V1,0.0748,455.1073741,238.9184
PL08,papa,457.987866,V1,0.0995,458.037597,192.1285
PL08,zima,460.949977,V1,0.04,460.969977,189.1274
PL08,bywalec,463.739955,V1,0.07,463.774966,228.9172
PL08,babo,466.449977,V1,0.1,466.499977,178.8977
PL08,rzepa,469.48,V1,0.0737,469.5168453,146.4708
PL08,nowotw€r,472.309977,V1,0.05,472.334966,234.7536
PL08,mimo,475.249977,V1,0.08,475.289977,181.7194
PL08,bywa,478.029977,V1,0.09,478.074966,185.5817
PL08,zywotnie,480.679955,V1,0.08,480.7199775,223.3895
PL08,rzepaku,483.489977,V1,0.0519,483.5159492,240.4803
PL08,popa,487.689977,V1,0.1045,487.7422391,147.2499
PL08,cumowac,490.439955,V1,0.05,490.464966,240.592
PL08,zimami,493.16,V1,0.05,493.1849885,227.758
PL08,popada,495.54,V1,0.071,495.5755049,243.6366
PL09,zywo,1.508932078,V1,0.1211,1.569475885,215.1291
PL09,babochlop,4.52,V1,0.08,4.56,218.2619
PL09,babo,8.159955,V1,0.15,8.234966,197.6513
PL09,sumo,11.719955,V1,0.11,11.774966,230.517
PL09,kuma,15.319955,V1,0.13,15.384966,225.4045
PL09,nowotw€r,19.079955,V1,0.07,19.114966,220.5955
PL09,mimo,23.049977,V1,0.13,23.114966,215.4084
PL09,drzewo,27.05375403,V1,0.1057,27.10660974,207.1612
PL09,rzepaku,30.98107476,V1,0.0846,31.02335933,231.9767
PL09,kumaty,35,V1,0.0691,35.0345627,240.6069
PL09,papa,38.97954478,V1,0.1288,39.04393263,207.8992
PL09,popada,43.52455628,V1,0.0653,43.55723071,237.8205
PL09,bywalec,47.36,V1,0.11,47.4149885,224.5232
PL09,papaja,51.369977,V1,0.0872,51.41358002,228.4265
PL09,rzepa,55.519955,V1,0.1041,55.57199587,204.6869
PL09,drzeworyt,59.44263425,V1,0.0884,59.48684084,228.7535
PL09,mimoza,63.58,V1,0.09,63.6249885,231.5129
PL09,zywotnie,67.599955,V1,0.08,67.6399775,238.2996
PL09,zimami,71.889977,V1,0.06,71.919977,241.6227
PL09,bywa,75.849977,V1,0.16,75.929977,212.2171
PL09,nowo,80.079955,V1,0.13,80.144966,205.753
PL09,popa,84.16874253,V1,0.1134,84.22544229,220.4235
PL09,cumowac,88.619955,V1,0.06,88.6499775,263.6657
PL09,zima,92.919955,V1,0.07,92.954966,208.9817
PL09,zywo,100.16,V1,0.11,100.2149885,210.124
PL09,babochlop,103.229977,V1,0.08,103.269977,212.2227
PL09,babo,106.86,V1,0.13,106.9249885,194.1484
PL09,sumo,110.369977,V1,0.1154,110.4276726,238.046
PL09,kuma,114.069977,V1,0.0888,114.1143734,217.9084
PL09,nowotw€r,117.64,V1,0.07,117.6749885,232.6116
PL09,mimo,121.409977,V1,0.13,121.474966,206.3687
PL09,drzewo,125.0315466,V1,0.148,125.1055446,206.1989
PL09,rzepaku,128.6453682,V1,0.0692,128.6799646,219.4701
PL09,kumaty,132.069977,V1,0.083,132.1114617,243.095
PL09,papa,135.399955,V1,0.1237,135.4618283,210.9042
PL09,popada,138.8335834,V1,0.0653,138.8662578,234.9465
PL09,bywalec,142.729977,V1,0.09,142.774966,225.5759
PL09,papaja,146.419955,V1,0.0788,146.4593624,235.7794
PL09,rzepa,150.519955,V1,0.0841,150.5620095,204.1327
PL09,drzeworyt,154.5917773,V1,0.0942,154.638867,235.2025
PL09,mimoza,158.159955,V1,0.08,158.1999775,222.3367
PL09,zywotnie,162.419955,V1,0.1,162.4699775,242.3565
PL09,zimami,166.699955,V1,0.07,166.734966,256.3135
PL09,bywa,170.599955,V1,0.12,170.6599775,206.4111
PL09,nowo,174.38,V1,0.12,174.44,200.7947
PL09,popa,177.9566237,V1,0.0999,178.0065823,215.2363
PL09,cumowac,181.64,V1,0.08,181.68,257.6051
PL09,zima,185.489977,V1,0.06,185.519977,196.461
PL09,zywo,189.309977,V1,0.08,189.349977,242.1276
PL09,babochlop,191.868969,V1,0.051,191.894462,220.2969
PL09,babo,195.169977,V1,0.08,195.209977,214.9445
PL09,sumo,197.9450487,V1,0.076,197.983031,235.7444
PL09,kuma,200.6996877,V1,0.0703,200.7348323,246.002
PL09,nowotw€r,203.1317578,V1,0.0582,203.1608674,216.1549
PL09,mimo,206.189977,V1,0.09,206.234966,222.8442
PL09,drzewo,208.7012656,V1,0.0869,208.7447299,219.8407
PL09,rzepaku,211.2653608,V1,0.0619,211.2962949,212.4135
PL09,kumaty,213.8761935,V1,0.0638,213.9080967,223.752
PL09,papa,216.6276447,V1,0.0762,216.6657334,210.66
PL09,popada,219.0093695,V1,0.0461,219.0323998,223.9335
PL09,bywalec,221.5999516,V1,0.0585,221.6291824,223.7433
PL09,papaja,224.0470153,V1,0.0452,224.0696028,222.7103
PL09,rzepa,226.8747067,V1,0.0514,226.9003944,231.0474
PL09,drzeworyt,229.6055936,V1,0.0558,229.6334958,210.3339
PL09,mimoza,232.44,V1,0.08,232.48,211.6291
PL09,zywotnie,235.039955,V1,0.04,235.0599775,206.591
PL09,zimami,238.209977,V1,0.05,238.234966,216.2114
PL09,bywa,240.849977,V1,0.07,240.884966,224.0564
PL09,nowo,243.349977,V1,0.1,243.399977,210.1834
PL09,popa,246.150954,V1,0.0487,246.175313,218.9933
PL09,cumowac,248.699955,V1,0.0426,248.7212591,229.4445
PL09,zima,251.329977,V1,0.04,251.349977,239.5258
PL09,zywo,254.4416547,V1,0.0583,254.4708273,249.5156
PL09,babochlop,256.6111879,V1,0.0488,256.6355939,206.1106
PL09,babo,259.199955,V1,0.09,259.244966,217.9066
PL09,sumo,261.8291126,V1,0.0744,261.8663155,221.9117
PL09,kuma,264.4272243,V1,0.0416,264.4480402,239.9447
PL09,nowotw€r,266.8879011,V1,0.0602,266.9180177,198.9133
PL09,mimo,269.939955,V1,0.06,269.9699775,209.8858
PL09,drzewo,272.659299,V1,0.0523,272.6854296,202.5862
PL09,rzepaku,275.2087401,V1,0.0567,275.2370851,203.7132
PL09,kumaty,277.7827255,V1,0.0473,277.8063513,225.7121
PL09,papa,280.6333081,V1,0.0629,280.6647534,235.1724
PL09,popada,283.0184832,V1,0.0469,283.0419565,214.0539
PL09,bywalec,285.899955,V1,0.06,285.9299775,207.84
PL09,papaja,288.9529594,V1,0.0496,288.9777614,224.072
PL09,rzepa,291.66,V1,0.0485,291.6842303,207.3295
PL09,drzeworyt,294.1759898,V1,0.0328,294.1923768,204.2958
PL09,mimoza,296.629977,V1,0.05,296.654966,211.095
PL09,zywotnie,299.479955,V1,0.06,299.5099775,204.0586
PL09,zimami,302.12,V1,0.05,302.1449885,219.4775
PL09,bywa,304.749977,V1,0.07,304.784966,214.491
PL09,nowo,307.66,V1,0.1,307.71,202.7758
PL09,popa,310.4759898,V1,0.044,310.4979949,216.8636
PL09,cumowac,313.409977,V1,0.04,313.429977,240.7675
PL09,zima,316.059955,V1,0.06,316.0899775,212.912
PL09,zywo,318.449977,V1,0.05,318.474966,237.2088
PL09,babochlop,320.189977,V1,0.04,320.209977,221.8311
PL09,babo,322.299955,V1,0.06,322.3299775,235.2287
PL09,sumo,324.4338677,V1,0.0561,324.4619224,248.0812
PL09,kuma,326.539955,V1,0.05,326.564966,272.8431
PL09,nowotw€r,328.569977,V1,0.04,328.589977,209.1645
PL09,mimo,330.74,V1,0.05,330.7649885,230.4796
PL09,drzewo,332.8024692,V1,0.0443,332.8246137,232.6192
PL09,rzepaku,335.0014199,V1,0.0486,335.0256985,213.6594
PL09,kumaty,337.309765,V1,0.0302,337.3248825,232.5298
PL09,papa,339.6000457,V1,0.0469,339.6235189,224.7653
PL09,popada,341.829977,V1,0.0434,341.8516894,230.6217
PL09,bywalec,343.959955,V1,0.08,343.9999775,222.0903
PL09,papaja,346.049977,V1,0.04,346.069977,249.3189
PL09,rzepa,348.12,V1,0.033,348.1365146,239.691
PL09,drzeworyt,350.1620961,V1,0.0523,350.1882267,215.0588
PL09,mimoza,352.379955,V1,0.03,352.394966,213.1042
PL09,zywotnie,354.439955,V1,0.03,354.454966,208.7976
PL09,zimami,356.489977,V1,0.03,356.504966,216.8518
PL09,bywa,358.379955,V1,0.05,358.404966,227.739
PL09,nowo,360.309977,V1,0.05,360.334966,225.5613
PL09,popa,362.199955,V1,0.06,362.2299775,252.078
PL09,cumowac,364.1670851,V1,0.0429,364.1885311,235.3194
PL09,zima,366.309977,V1,0.03,366.324966,232.7126
PL09,zywo,368.399955,V1,0.05,368.424966,219.5383
PL09,babochlop,370.1489267,V1,0.0407,370.1692997,221.2281
PL09,babo,372.239955,V1,0.06,372.2699775,220.1237
PL09,sumo,374.2826562,V1,0.0473,374.3063166,243.9122
PL09,kuma,376.359955,V1,0.04,376.3799775,243.9374
PL09,nowotw€r,378.249977,V1,0.04,378.269977,215.6178
PL09,mimo,380.369977,V1,0.08,380.409977,236.5541
PL09,drzewo,382.5033324,V1,0.0514,382.5290201,235.0567
PL09,rzepaku,384.4304644,V1,0.0531,384.4570378,221.7357
PL09,kumaty,386.48,V1,0.03,386.4949885,229.1533
PL09,papa,388.6441939,V1,0.0514,388.6698816,239.6332
PL09,popada,390.4870846,V1,0.0434,390.5087863,224.4145
PL09,bywalec,392.66,V1,0.0478,392.6839156,215.0058
PL09,papaja,394.659955,V1,0.06,394.6899775,233.9149
PL09,rzepa,396.611433,V1,0.031,396.6269342,221.9457
PL09,drzeworyt,398.5594856,V1,0.0664,398.5927025,213.056
PL09,mimoza,400.469977,V1,0.0546,400.4972841,219.016
PL09,zywotnie,402.439955,V1,0.05,402.464966,203.7889
PL09,zimami,404.689977,V1,0.03,404.704966,207.8807
PL09,bywa,407.029977,V1,0.05,407.054966,228.0181
PL09,nowo,409.22,V1,0.05,409.2449885,231.3072
PL09,popa,411.2441714,V1,0.054,411.2711878,239.8327
PL09,cumowac,413.18,V1,0.0543,413.207144,226.4528
PL09,zima,415.429977,V1,0.05,415.454966,218.3762
PL10,bywa,0.6,V1,0.1257,0.66286235,243.909
PL10,kumaty,4.049977,V1,0.0478,4.073856537,241.7962
PL10,mimo,7.52,V1,0.11,7.5749885,232.4204
PL10,drzeworyt,11.07614767,V1,0.1012,11.12676101,237.4742
PL10,cumowac,14.62,V1,0.05,14.6449885,273.4598
PL10,rzepaku,17.639955,V1,0.0691,17.67448094,236.5656
PL10,papa,20.909977,V1,0.1326,20.97626571,270.8148
PL10,zywotnie,24.239955,V1,0.07,24.274966,227.3738
PL10,kuma,27.689977,V1,0.09,27.734966,293.1671
PL10,bywalec,30.679955,V1,0.08,30.7199775,218.3598
PL10,zima,34.139955,V1,0.05,34.164966,227.8613
PL10,popada,37.06876504,V1,0.0653,37.10143947,253.0258
PL10,mimoza,40.429977,V1,0.08,40.469977,231.1249
PL10,zimami,43.789977,V1,0.05,43.814966,222.2647
PL10,babo,46.829977,V1,0.1304,46.8951643,223.2068
PL10,babochlop,50.529977,V1,0.0759,50.56794818,227.8965
PL10,nowo,53.859955,V1,0.1,53.9099775,222.7035
PL10,zywo,57.139955,V1,0.12,57.1999775,238.3426
PL10,sumo,61.02541776,V1,0.0846,61.06769738,268.1098
PL10,popa,64.18132774,V1,0.0769,64.21976825,250.8558
PL10,rzepa,67.109977,V1,0.1101,67.16503889,189.8324
PL10,nowotw€r,70.109977,V1,0.07,70.144966,230.3641
PL10,papaja,73.34608794,V1,0.0589,73.375559,203.169
PL10,drzewo,76.56321543,V1,0.1089,76.61767282,211.8386
PL10,bywa,79.729977,V1,0.114,79.78697459,254.1089
PL10,kumaty,82.599955,V1,0.05,82.624966,252.4948
PL10,mimo,85.759955,V1,0.11,85.814966,229.9779
PL10,drzeworyt,88.94639847,V1,0.0833,88.98804236,222.9213
PL10,cumowac,92.099955,V1,0.05,92.124966,266.7606
PL10,rzepaku,95.58931235,V1,0.0782,95.62839353,239.4571
PL10,papa,98.97004639,V1,0.0961,99.01809703,300.148
PL10,zywotnie,102.049977,V1,0.08,102.089977,249.116
PL10,kuma,105.3654451,V1,0.0745,105.4027,277.9714
PL10,bywalec,108.48,V1,0.08,108.52,237.779
PL10,zima,111.929977,V1,0.07,111.964966,225.8377
PL10,popada,115.1297956,V1,0.0692,115.164392,283.3519
PL10,mimoza,118.379955,V1,0.08,118.4199775,222.6123
PL10,zimami,121.64,V1,0.08,121.68,227.8872
PL10,babo,124.8,V1,0.12,124.86,214.3711
PL10,babochlop,127.9,V1,0.07,127.9349885,202.154
PL10,nowo,131.079955,V1,0.13,131.144966,206.5063
PL10,zywo,134.02,V1,0.1,134.07,230.2381
PL10,sumo,137.049977,V1,0.11,137.104966,261.3406
PL10,popa,140.02,V1,0.1173,140.0786576,249.8816
PL10,rzepa,143.089977,V1,0.1059,143.1429233,232.7563
PL10,nowotw€r,146.149977,V1,0.08,146.189977,247.1661
PL10,papaja,149.8623583,V1,0.05,149.8873446,233.4936
PL10,drzewo,153.0999917,V1,0.1153,153.1576525,190.1866
PL10,bywa,156.059955,V1,0.07,156.094966,232.6684
PL10,kumaty,158.249977,V1,0.03,158.264966,234.0131
PL10,mimo,161.209977,V1,0.09,161.254966,203.1034
PL10,drzeworyt,163.9173425,V1,0.0577,163.9461728,192.0052
PL10,cumowac,166.729977,V1,0.04,166.749977,212.4519
PL10,rzepaku,169.659955,V1,0.0439,169.6819091,194.0374
PL10,papa,172.389977,V1,0.089,172.4344828,206.6276
PL10,zywotnie,175.019955,V1,0.06,175.0499775,210.2856
PL10,kuma,178.119955,V1,0.06,178.1499775,234.1371
PL10,bywalec,181.109977,V1,0.05,181.134966,180.4989
PL10,zima,183.829977,V1,0.08,183.869977,193.9926
PL10,popada,186.499955,V1,0.0562,186.528065,197.6757
PL10,mimoza,189.009977,V1,0.07,189.044966,203.5247
PL10,zimami,191.9548296,V1,0.1052,192.0074148,189.6054
PL10,babo,194.669977,V1,0.11,194.724966,183.3938
PL10,babochlop,197.319955,V1,0.05,197.344966,192.5291
PL10,nowo,200.329977,V1,0.06,200.359977,193.6551
PL10,zywo,203.149977,V1,0.06,203.179977,219.275
PL10,sumo,205.669977,V1,0.07,205.704966,228.7725
PL10,popa,208.4685142,V1,0.0615,208.4992666,197.2267
PL10,rzepa,211.129977,V1,0.0753,211.1676289,188.8992
PL10,nowotw€r,213.449977,V1,0.03,213.464966,205.633
PL10,papaja,215.829977,V1,0.0618,215.8608596,197.1975
PL10,drzewo,218.3918567,V1,0.0628,218.4232498,186.1535
PL10,bywa,220.5674786,V1,0.0625,220.5987278,199.9045
PL10,kumaty,222.969977,V1,0.03,222.984966,222.7247
PL10,mimo,225.529932,V1,0.08,225.5699545,196.3799
PL10,drzeworyt,228.0919936,V1,0.0397,228.1118545,197.9821
PL10,cumowac,230.74,V1,0.04,230.76,223.8427
PL10,rzepaku,233.529977,V1,0.0629,233.5614048,199.5124
PL10,papa,236.5323808,V1,0.073,236.5688993,189.0065
PL10,zywotnie,239.219955,V1,0.05,239.244966,189.8519
PL10,kuma,241.937757,V1,0.0522,241.963867,241.8272
PL10,bywalec,244.28,V1,0.06,244.31,182.9797
PL10,zima,246.989977,V1,0.06,247.019977,178.9194
PL10,popada,249.24,V1,0.0461,249.2630713,188.0515
PL10,mimoza,251.869977,V1,0.06,251.899977,187.9806
PL10,zimami,254.329977,V1,0.05,254.354966,187.5364
PL10,babo,256.679955,V1,0.09,256.724966,178.1494
PL10,babochlop,259.269977,V1,0.06,259.299977,188.6795
PL10,nowo,261.7,V1,0.06,261.73,175.2934
PL10,zywo,264.44,V1,0.06,264.47,167.4196
PL10,sumo,267.049977,V1,0.05,267.074966,213.6496
PL10,popa,269.6972329,V1,0.0551,269.7247819,178.7551
PL10,rzepa,272.369977,V1,0.0582,272.3990929,204.8793
PL10,nowotw€r,275.249977,V1,0.04,275.269977,197.1699
PL10,papaja,277.869977,V1,0.0651,277.9025035,202.077
PL10,drzewo,280.3229146,V1,0.0743,280.3600737,193.7314
PL10,bywa,282.9616284,V1,0.0583,282.9907917,207.9489
PL10,kumaty,285.369977,V1,0.03,285.384966,212.6959
PL10,mimo,287.619955,V1,0.05,287.644966,189.8702
PL10,drzeworyt,289.8305705,V1,0.0448,289.8529941,202.0323
PL10,cumowac,292.219955,V1,0.03,292.234966,209.0244
PL10,rzepaku,294.729977,V1,0.03,294.744966,213.4692
PL10,papa,297.4910994,V1,0.082,297.5321026,202.8085
PL10,zywotnie,299.749977,V1,0.03,299.764966,193.7576
PL10,kuma,302.039955,V1,0.03,302.054966,210.3771
PL10,bywalec,304.169977,V1,0.05,304.194966,204.429
PL10,zima,306.539955,V1,0.06,306.5699775,192.1598
PL10,popada,308.6158611,V1,0.0513,308.6414881,197.0896
PL10,mimoza,310.769977,V1,0.0329,310.7864274,186.7856
PL10,zimami,313.029977,V1,0.04,313.049977,199.0651
PL10,babo,315.0459515,V1,0.074,315.0829533,192.3968
PL10,babochlop,316.9,V1,0.06,316.93,203.7201
PL10,nowo,319.1007506,V1,0.0492,319.1253638,200.8223
PL10,zywo,321.039955,V1,0.05,321.064966,197.7351
PL10,sumo,323.219955,V1,0.0375,323.2387057,213.0315
PL10,popa,325.2439129,V1,0.0461,325.266945,194.6587
PL10,rzepa,327.3960609,V1,0.0859,327.4389861,203.4398
PL10,nowotw€r,329.3764805,V1,0.0513,329.4021075,206.954
PL10,papaja,331.94,V1,0.03,331.9549885,--undefined--
PL10,drzewo,334.4478982,V1,0.0615,334.4786506,186.3225
PL10,bywa,336.329977,V1,0.06,336.359977,195.41
PL10,kumaty,338.249977,V1,0.03,338.264966,197.0531
PL10,mimo,340.159955,V1,0.03,340.174966,192.9542
PL10,drzeworyt,342.3326091,V1,0.0282,342.3467039,194.5551
PL10,cumowac,344.409977,V1,0.03,344.424966,192.7365
PL10,rzepaku,346.389977,V1,0.04,346.409977,199.4237
PL10,papa,348.5074837,V1,0.0641,348.5395174,176.8083
PL10,zywotnie,350.609977,V1,0.03,350.624966,195.262
PL10,kuma,352.7596812,V1,0.0303,352.7748291,192.7954
PL10,bywalec,354.8950579,V1,0.0269,354.9085121,187.7088
PL10,zima,356.82,V1,0.05,356.8449885,207.1143
PL10,popada,358.74,V1,0.03,358.7549885,210.3582
PL10,mimoza,360.789977,V1,0.03,360.804966,191.633
PL10,zimami,362.9,V1,0.03,362.9149885,213.5022
PL10,babo,364.889977,V1,0.0959,364.9379369,187.5064
PL10,babochlop,366.8501828,V1,0.0498,366.8750689,194.0276
PL10,nowo,369.0896348,V1,0.0603,369.1198059,194.7058
PL10,zywo,371.069977,V1,0.06,371.099977,192.6367
PL10,sumo,373.1248459,V1,0.0451,373.1474114,210.1478
PL10,popa,374.9311931,V1,0.0441,374.9532241,207.0256
PL10,rzepa,377.1182962,V1,0.0649,377.1507472,201.8691
PL10,nowotw€r,379.1538705,V1,0.0649,379.1863215,187.4987
PL10,papaja,381.329977,V1,0.0583,381.3591447,191.2916
PL10,drzewo,383.5833234,V1,0.0768,383.6217287,199.6136